"","ASV_7","ASV_8","ASV_10","ASV_11","ASV_16","ASV_18","ASV_20","ASV_27","ASV_37","ASV_41","ASV_42","ASV_50","ASV_55","ASV_60","ASV_70","ASV_83","ASV_85","ASV_88","ASV_89","ASV_101","ASV_110","ASV_113","ASV_129","ASV_130","ASV_131","ASV_135","ASV_143","ASV_144","ASV_171","ASV_186","ASV_198","ASV_200","ASV_219","ASV_227","ASV_244","ASV_259","ASV_260","ASV_308","ASV_318","ASV_323","ASV_326","ASV_335","ASV_341","ASV_356","ASV_358","ASV_360","ASV_373","ASV_407","ASV_417","ASV_434","ASV_463","ASV_500","ASV_530","ASV_535","ASV_566","ASV_615","ASV_619","ASV_625","ASV_633","ASV_657","ASV_677","ASV_683","ASV_694","ASV_697","ASV_717","ASV_735","ASV_740","ASV_764","ASV_766","ASV_771","ASV_780","ASV_838","ASV_885","ASV_962","ASV_964","ASV_974","ASV_1030","ASV_1043","ASV_1044","ASV_1061","ASV_1149","ASV_1154","ASV_1165","ASV_1204","ASV_1310","ASV_1321","ASV_1453","ASV_1580","ASV_1651","ASV_1669","ASV_1673","ASV_1675","ASV_1924","ASV_1968"
"10.10.2006.1",0.0325283327740581,0.0333671383005639,0,0.292633595419538,0.012877129180345,0,0.0619480356661028,0.0334852524338099,0.0421502994304682,0.0459161045160923,0.0252901796582809,0,0,0.0125667913064663,0.00931978186746625,0.0317917467267493,0,0,0.0168601197721873,0.0296053973585652,0,0.0115860091135488,0,0.0362045746148785,0.012877129180345,0,0,0,0.0168601197721873,0,0,0,0,0,0,0,0,0,0,0.0168601197721873,0.0146012920335625,0,0.0140500998101561,0,0.0175485690383445,0,0,0,0,0,0,0,0,0,0,0,0,0.0148692279973235,0,0,0,0,0.00397396834084367,0.0134763823150473,0,0,0,0.0151324206068759,0,0,0.0217663210309146,0,0,0,0,0,0,0,0,0,0,0,0.00973419468904165,0,0,0,0,0,0.00688311507401143,0,0,0,0,0
"16.10.2006.2b",0.013897067618146,0,0,0.049329696468049,0,0,0,0,0.0390604026890179,0.0419221808150319,0,0,0,0,0,0.0206126823689521,0,0,0,0,0,0,0,0.045245574113533,0,0,0,0,0,0,0,0,0,0,0,0,0,0,0,0,0.0152234748352663,0,0,0,0,0,0,0.00878927729414248,0,0,0,0,0,0,0,0,0,0,0,0,0,0,0,0,0,0,0,0,0,0,0,0,0,0,0,0,0,0,0,0,0,0,0,0,0,0,0,0,0,0,0,0,0,0
"13.06.2006.1c",0,0.0260153250626426,0,0,0,0,0.00802850361503704,0.206470730595054,0.194825664366754,0.126273585082696,0,0,0,0,0,0.158041251703335,0,0,0.141953615933143,0.11030065398036,0,0,0,0.0206646259514996,0,0,0,0,0.0590654561042821,0,0,0,0,0,0,0,0.07297772885108,0,0.0286674919775423,0.0421018281450845,0.0398403116335116,0,0.0432348151216496,0,0.0167928201189645,0,0,0,0,0,0,0,0,0.0328580671596657,0,0,0,0.014473590724632,0.0190412682198095,0,0.0085155140234601,0,0,0.0310942607960045,0,0.0244177404819555,0,0,0,0,0,0.0150199549279723,0,0,0,0,0,0.00941425497094227,0,0.0165511842102255,0,0,0,0,0,0.00634708940660317,0.00491643431373272,0,0,0,0,0,0,0
"13.06.2006.2c",0,0.011587944518547,0,0,0,0,0,0.168284724877163,0.172656484710575,0.0917572053134831,0.121756160342742,0,0,0.0167925269732205,0,0.118344631422813,0,0,0.102538577493124,0.0900585347047206,0,0,0,0.0137110408587712,0,0,0,0,0.0787639331624536,0,0,0,0,0,0,0,0.0556945112520949,0,0.0364606162294707,0.0302176623106666,0.033585053946441,0,0.0329798682704446,0,0.0266774516825369,0,0,0,0,0,0,0,0,0.034763833555641,0,0,0,0,0.0207291453303737,0,0.00969516996836292,0,0,0.0325701645605744,0,0,0,0,0,0,0,0.0141922756190607,0,0,0.00634697860792653,0,0.0137110408587712,0.0103645726651869,0,0.0200709086614127,0,0,0.0089759832274216,0.0089759832274216,0,0.011587944518547,0,0,0,0,0.00634697860792653,0,0,0
"27.06.2006.1",0,0.038473896785844,0.0245719841407266,0,0,0,0.169494413915267,0.054588994490989,0.0377068982893413,0.0371867782293568,0.048142967914744,0,0.0275607913294515,0,0,0,0,0.0704740888499363,0.0430151242862289,0.0286011848354332,0,0,0.0411641361292359,0.11216972068275,0,0.049734898951677,0,0,0.021620463507528,0,0,0,0.0170924771880854,0.0245719841407266,0,0,0.0187238706391137,0,0.0399637566359553,0.0257334987884889,0,0,0,0,0,0.0305759527171387,0,0.0469135827780184,0.013239775898977,0,0,0,0.013239775898977,0,0.0165129017638796,0,0,0,0.0159122302931379,0,0,0,0.0268448042492808,0,0,0.022931964537854,0,0.0139559491836569,0,0,0.013239775898977,0,0,0,0,0,0,0.0170924771880854,0,0.010810231753764,0,0,0.00882651726598464,0,0,0,0,0,0,0,0,0.00764398817928467,0,0.0159122302931379
"27.06.2006.2",0,0,0,0,0,0,0.174206420454512,0.0311184011949977,0,0.0277015446416203,0.0317001038958199,0,0.0302248631398627,0,0,0,0,0.0690557099486951,0.018631856957719,0.0222106476714357,0,0,0.0286738228466503,0.100517552751582,0,0.0801956242998142,0,0,0,0,0,0,0.018631856957719,0.0355061747519545,0.0128233234119793,0,0,0,0.0280293849837657,0,0,0,0,0,0,0.0241798905118902,0,0.064965880779254,0,0,0,0,0.0176239722996822,0,0.0159934942558079,0,0,0,0,0,0.0217954587689313,0,0,0,0,0.0331096786784184,0,0.0154117166945831,0,0,0,0,0,0,0,0,0,0.00604497262797254,0,0.0120899452559451,0,0,0,0,0,0,0,0,0,0,0,0,0,0.00955794094888345
"12.07.2006.1b",0,0.0490679482129297,0.0411155343838018,0,0.0320084001064265,0,0.188006781445169,0.0446972982503139,0,0.0623958586287401,0,0,0.073340458181066,0,0,0,0,0.0258059971768677,0.0327988499987689,0.0378728497517987,0,0,0.0364951911980882,0,0,0.0343251850538209,0,0,0.0327988499987689,0,0,0,0,0.0441205347543393,0.0189364248758994,0,0,0,0,0,0,0,0.0258059971768677,0,0,0,0,0.0286291833955925,0,0,0.0247936001101867,0,0,0,0,0,0,0,0,0,0,0,0,0,0,0.0525951683038217,0,0,0,0,0,0,0,0,0,0,0,0,0,0,0,0,0,0,0,0,0,0,0,0,0,0,0,0
"02.08.2006.1b",0.10265213551448,0.192208575072893,0.14890105320737,0.203454089668415,0.482931934127263,0.0855025065869475,0,0.0319526850969478,0.0245971884560722,0.0362060810713382,0.0277287164914204,0,0,0,0.028842760095427,0.0303337623490304,0.0275004927215753,0,0.028842760095427,0.020701618856827,0.222227123964179,0.0240792949082654,0.0622062523221916,0,0.011227029140497,0,0.0367245716318215,0,0.0485495996699596,0,0,0.011227029140497,0.0150626402061134,0,0,0,0,0,0,0.0154753917013748,0,0,0.011227029140497,0,0,0,0,0,0,0,0,0,0,0,0,0.0122985942280361,0,0,0,0.0240792949082654,0,0,0,0.0150626402061134,0,0.0307464855700902,0,0,0,0,0,0,0,0,0,0,0,0.00614929711401805,0,0,0,0,0,0,0,0,0,0,0,0,0,0,0,0
"02.08.2006.2b",0.0815911008794978,0.185931189049039,0.138340236122103,0.101086238524752,0.334611870262446,0.0729134799195807,0.0143120258660905,0.0457191286532751,0,0.0469746924131491,0.0342511410781033,0,0,0,0.0338409329740372,0,0,0.0116191343435943,0.0424453634526375,0.0210298694594607,0.148044746714991,0.0236355328261752,0.0612930935795112,0,0.0143120258660905,0,0.0405953607612097,0,0.0587728467411531,0.00915400250145154,0,0.0152566708357526,0.0211402632335022,0.00647285724377501,0,0,0,0,0.00915400250145154,0.0155588124607929,0.0160013313661568,0,0.00570852351301722,0,0,0,0,0,0,0,0,0,0,0,0,0.0122053366686021,0.0098874527607474,0,0,0.022214048045772,0,0,0,0.0147918911803418,0,0.0205823742333754,0,0.00373710587211952,0,0,0,0,0,0,0,0,0,0.00373710587211952,0,0,0,0,0,0,0.00305133416715051,0.00835642276917288,0,0,0.00373710587211952,0,0,0,0,0
"15.08.2006.2a",0.212591232678304,0.323048304351207,0.275828920758231,0.135165573640896,0.388179082909955,0.0172057353489315,0.0243325842810612,0.0275905571842317,0,0.0205647871336791,0.0183937047894878,0,0.0124525970094446,0.0159294156174079,0.058407857263829,0.011873085387457,0,0,0,0,0.0713373860882509,0,0.0275905571842317,0,0.0377332556485685,0,0.0483746276456596,0,0.0172057353489315,0,0,0,0.011873085387457,0,0,0,0,0,0,0,0,0,0.0135374001788821,0.0273338952598157,0,0,0,0,0,0,0,0,0,0,0,0,0,0,0,0.0145415004358823,0,0.0124525970094446,0,0,0,0,0,0,0,0,0,0,0,0,0,0,0,0,0,0,0,0,0,0,0,0,0,0,0,0,0,0,0,0
"22.08.2006.1",0.0582124999922528,0,0,0.0397005954811414,0.0212870728012966,0,0.0193476769760569,0.0262594756360687,0,0,0,0,0,0,0,0,0,0,0,0,0,0.0239029237660269,0,0,0,0,0,0,0,0,0,0,0,0,0,0,0,0,0,0,0,0,0,0,0,0,0,0,0,0,0,0,0,0,0,0,0,0,0,0,0,0,0,0,0,0,0,0,0,0,0,0,0,0,0,0,0,0,0,0,0,0,0,0,0,0,0,0,0,0,0,0,0,0
"22.08.2006.2",0.0825394752234021,0.051141243626723,0.0339046053326982,0.0723975115261627,0.0441703975979466,0,0.0141554032192186,0.016874360632042,0,0.0148817872552006,0.0174881730992861,0,0,0,0.0112495737546946,0.0107706468634489,0,0,0,0,0,0.0281239343867366,0,0,0.016874360632042,0.0207939680679977,0.0311486592661345,0,0,0.0189358542816678,0,0.0137778577614037,0,0,0.0141554032192186,0,0,0,0,0,0,0,0,0,0,0,0,0.0133896709701276,0,0,0,0,0,0,0,0,0,0,0,0,0,0,0,0,0,0,0,0,0,0,0,0,0.0064949444355415,0,0,0,0,0,0,0,0,0,0,0,0,0,0,0,0.00918523850760246,0,0,0,0,0.0064949444355415
"05.09.2006.2",0.20660524890268,0.171285666879413,0.0528966893065779,0.062457542382482,0.0528966893065779,0,0.172799266254742,0,0.0234828113826146,0.0183573580989961,0.0417879691183112,0,0.0199565522456617,0,0.0352966204742138,0.0142911838976634,0,0.0448524657225087,0,0,0,0.0314730677787318,0.0287604528067132,0.0365753809090113,0.0786664445431728,0.0255648469393006,0.0351516645415384,0,0.0175030541847773,0.0330556041240069,0.0110699034466476,0.0166048551699714,0,0.0232643618775932,0.0209549890234568,0,0,0.0186334240877681,0.0115219208111296,0,0,0,0.0169095568267051,0.0347131650740943,0,0.0566262802415124,0.0965580749240346,0.0156552075884097,0,0.0311469131967353,0.0127824234696503,0,0.0207098930010117,0,0.0146441057786632,0,0,0,0,0.0139293230394371,0,0.0153255873550203,0,0,0,0,0,0,0,0.0131758205291856,0,0,0,0,0,0,0,0.00639121173482516,0,0,0,0,0.00903853831538782,0,0.00639121173482516,0,0,0,0.0101053930452218,0,0,0,0,0.0055349517233238
"12.09.2006.2b",0.135866390984387,0.116695303750345,0,0.378735742433242,0.122391067113266,0,0.207296177606863,0,0.0673740650334271,0,0,0,0,0,0.0407970223710886,0.0388984345834485,0,0,0,0.0460252484866725,0,0.0301305978670469,0,0,0.119893027419891,0,0,0,0,0,0,0,0.024601530139752,0,0,0,0,0,0,0,0,0,0,0.0727723075465515,0,0,0,0,0,0,0,0,0,0,0,0,0,0,0,0,0,0,0,0,0,0,0,0,0,0,0,0,0,0,0,0,0,0,0,0,0,0,0,0,0,0,0,0,0,0,0,0,0,0
"10.10.2007.1",0.00717976663409386,0,0.0265424879876394,0,0,0,0.0241706961924394,0,0.0318401941277729,0.046159441309754,0.0356587045010682,0,0,0.360969268295202,0,0.0241706961924394,0,0.0557685032209896,0,0.0448376282588837,0,0,0.0384413761769099,0.0388857999144682,0,0.0708338955695032,0,0.0170912631836738,0,0.0109672746909511,0.0245235717368797,0,0,0,0.0265424879876394,0,0,0,0.0281143868883423,0,0,0,0.0414524019891278,0,0.0155100686102143,0,0,0.0241706961924394,0.00926903886783373,0.019879873617649,0.0663238431826045,0,0.036609770170287,0,0,0,0,0.0124357205967383,0,0,0,0,0,0,0,0,0,0,0,0,0,0,0,0,0.0109672746909511,0,0,0,0.0155100686102143,0,0.0227044156322173,0,0,0,0,0,0,0,0,0,0,0,0.0101537233486094,0
"06.07.2007.1",0,0,0,0,0,0,0.0468278643135148,0.156433961572649,0.0719552628130881,0.0249870527477569,0.164639146645475,0,0,0,0,0.0307269143606477,0,0,0.0321793717977855,0,0,0,0,0.0540721601339661,0,0.0210146472412008,0,0,0.021373898003586,0.0210146472412008,0.0198980161595406,0,0,0.0217272095093523,0,0,0.0281400443171413,0,0.0281400443171413,0.0178826860708169,0.0191173955520661,0,0.0202770600502373,0,0,0,0,0.0217272095093523,0,0,0,0,0,0,0,0,0,0.0333414540066576,0,0.0361886457168645,0,0,0,0,0,0,0,0.00780464405225246,0,0,0,0,0,0,0,0,0.0129425379718002,0,0,0,0,0,0,0,0,0,0,0,0,0,0,0,0,0
"06.07.2007.2",0,0.00815798917948419,0,0,0,0,0.0509466260968346,0.127170465718174,0.0799316432675307,0,0.144098819166589,0,0,0.0210638374871217,0,0,0,0.0210638374871217,0.0431680211345421,0,0,0.0294140482913106,0,0.0355598504158699,0,0.03708671290395,0,0,0.0257978269341782,0.0526595937178043,0.0515956538683564,0.0163159783589684,0,0.040789945897421,0.0148943823249552,0,0.0301588256046541,0,0.0294140482913106,0.0278648378238019,0.0220919391329114,0.0475688424642408,0.0210638374871217,0,0,0,0,0.0315957562306826,0,0.0220919391329114,0,0.0297887646499104,0,0.0329701207417488,0,0,0,0.0315957562306826,0,0.0176232708308847,0,0,0,0,0,0,0,0,0,0,0,0,0,0,0.0133219405445885,0,0.0220919391329114,0,0,0,0,0,0,0,0,0,0,0,0,0,0,0,0,0
"02.08.2007.1",0,0.021664333499819,0,0.012220332204121,0,0,0.0299335783873972,0.0230942571076413,0,0,0.0313265744838319,0,0.0835233429916946,0,0,0.0190440122799953,0,0,0,0,0,0.0877581770090371,0,0,0,0.0584243626637432,0,0.0461885142152827,0,0.0550399669375793,0.0178887346341854,0.0512255403081403,0,0.0761760491199813,0.0244406644082419,0.0614498214512069,0,0,0.0138565542645848,0,0,0.041312263026035,0,0,0,0,0.0323319599506979,0.0190440122799953,0,0.0522563385832922,0,0,0.0366609966123629,0,0.0295750794862888,0.0153189971276089,0.0257166763419919,0,0,0.0138565542645848,0,0,0,0.0103280657565087,0.0329851968489175,0,0,0.0333070112681398,0,0,0,0,0,0,0,0,0,0.00923770284305653,0,0,0,0,0,0,0.013064084645823,0,0,0,0,0,0,0,0,0
"02.08.2007.2",0,0.0139943220015734,0,0,0,0,0.0559772880062934,0.0520208344093765,0.0246033915652561,0.0223272140344553,0.0852286484590704,0,0.0898058486010619,0.0242388767242041,0,0.0329549333392064,0,0,0,0,0,0.0785995857925999,0,0,0,0.04755075100452,0,0.0337555747451885,0.0173972250159805,0.0384409902052351,0,0.0286176808364898,0,0.0513317863121784,0.0146165926243388,0.0469857715282764,0,0,0.0310064752875338,0.0179015968538791,0,0,0.0133430624903567,0,0.0157877244487668,0,0.0256658931560892,0.0206709835250225,0,0.031292255294539,0,0,0.0342789482000589,0,0.0292331852486777,0.0266861249807134,0,0,0,0.0193359345495708,0,0,0.0210972342157428,0,0.0377398798749083,0,0,0.0163418473537219,0,0,0,0,0,0,0,0,0,0.00943496996872708,0,0,0,0,0,0,0.00730829631216942,0,0,0,0.0111636070172277,0,0.00843889368629713,0,0,0
"22.08.2007.1",0.0196261497964004,0,0,0,0,0,0,0,0.0748628929933742,0.0488687188920545,0.019129204584593,0,0.0416333508288532,0.0521110312564123,0.00620633350562753,0,0,0.0429987398418558,0,0.0420934018204926,0,0.0539272886071807,0,0,0,0.0797217973405477,0,0.041401408351007,0.0196261497964004,0.041401408351007,0.0281003700945919,0.0345554025164709,0,0.0219427025406725,0.0322490548813918,0.0339934886043232,0,0.0287775845935011,0.0152023502623262,0.0205840795619776,0.0158231078265298,0.0319490571527782,0.0255893685915123,0,0,0,0,0.0259629557774883,0,0.0196261497964004,0.0236330138990901,0,0.0307197835569415,0,0.0294392246946007,0,0.0252102458758485,0.0210467009102463,0,0.0145551422427578,0,0,0,0.0236330138990901,0,0,0,0.0281003700945919,0,0,0,0,0,0,0,0,0,0,0,0,0.0124126670112551,0,0.0116109868030569,0,0,0,0,0,0,0,0,0,0,0.00981307489820022
"22.08.2007.2",0.0196437497761303,0,0.0281636541731115,0,0.0273919003482099,0,0,0,0.0408917260109909,0.117315569957831,0,0,0.0367500907268985,0.0472176980401481,0,0.0307124511773299,0,0.0476695523359194,0,0.0714293370532485,0,0.0587490811975541,0.0403640687302655,0,0,0.0823060353074094,0,0.0439247598324237,0,0.0439247598324237,0.0166939772381037,0.023608849020074,0,0.0217169824943507,0.0190902933298323,0,0,0.0303614402074686,0.0122500302422995,0,0,0,0.0434339649887014,0,0.0222050655146098,0,0,0.0358644162212454,0,0,0.0160390545288102,0,0.0253599719133395,0,0.022682648442285,0.0173241589081405,0.0257791734020613,0.0217169824943507,0,0,0,0,0.0217169824943507,0.024500060484599,0,0,0,0.0138902286746335,0.0185203048995113,0,0,0,0,0,0.00926015244975565,0.0103531651798324,0,0,0,0,0.0113413242211425,0,0.0153562255886649,0.0122500302422995,0.00926015244975565,0,0,0,0,0,0.0153562255886649,0.00654791659204344,0,0
"05.09.2007.1",0.0221516595005251,0,0.0918064580065823,0,0.0660192034507911,0,0.0188678337593047,0,0.0513447992867931,0.0221516595005251,0.0464242812086001,0,0.0161176997476557,0.112525026454981,0,0.0367016168388327,0,0.0374798295347296,0.0221516595005251,0.020575363537444,0.0236230068483339,0.0793856178262986,0.082125908722423,0.0201023034395401,0,0.0560912418613718,0,0.11019220066948,0.0244240130773323,0.0497264826250426,0.101084237030901,0.0679581891270841,0,0.0257659241776988,0.035366562922785,0,0,0.0495326164576032,0.00759795652579735,0.018086754244054,0.0221516595005251,0.0449501169951395,0.00820673101357808,0,0,0.0193710642942352,0,0.0253897591089063,0.0198615486056357,0.0402046068790802,0.0598263695105278,0,0.0435365781909833,0,0.033118724673366,0.020807860900614,0.033118724673366,0.0234184748007874,0,0.0212652311622031,0.0107451331651038,0,0,0,0,0,0,0.0336947456769671,0.0285976694454637,0.0389896846446365,0,0,0.0257659241776988,0,0.0300735783165866,0.0127892665756251,0,0,0,0,0,0,0.0107451331651038,0.013871907267076,0,0,0,0.00537256658255189,0,0,0.0131600467363805,0.00537256658255189,0.00537256658255189,0
"05.09.2007.2",0.028836945022768,0,0.0690117724407201,0,0.0610177268308322,0,0.0400804301745316,0,0.0470235964931918,0,0.0298038137117203,0,0.0150596033834603,0.104063929782156,0,0.033108302000019,0,0.0573452612163672,0,0,0,0.0616340831490534,0.0919129431255501,0.0396060888496241,0,0.0591301220490447,0,0.09534445692955,0.028836945022768,0.044758533014309,0.0723540416842735,0.046416814988081,0,0.0162662307581787,0.0322406846671667,0,0,0.0342309345380292,0,0.0203907993743029,0.0156745321643973,0.0304313312356544,0,0,0.0156745321643973,0,0,0.0184441720090845,0.0439059114422034,0.0549898965346824,0.0339537564172397,0,0.0249735269572523,0,0.0310461677149581,0.0225894050751905,0.024592229345446,0.0156745321643973,0,0.0179245132875373,0.0179245132875373,0,0,0,0,0,0,0,0.0184441720090845,0.0313490643287945,0,0,0.024592229345446,0,0.0199219826979515,0.0130419991009947,0,0,0,0,0,0,0.0173893321346597,0,0,0,0,0.012296114672723,0,0,0.0106487476744247,0,0,0
"19.09.2007.1",0.0143088510328715,0,0.0210620584323715,0,0.0165224379912452,0,0.0180049093761888,0,0.161040805175526,0.0433221978964016,0.0696102685661257,0,0.0143088510328715,0.0694876072046285,0,0.0380823379007876,0,0.146447437918951,0.0391864024134241,0.0417171110215906,0,0.0206530474890565,0.0770555210127498,0.0206530474890565,0,0.0558778495710406,0,0.0319955635894187,0.0452485599639268,0.0116831279453437,0.026124268275616,0,0,0,0.0184726472512247,0,0,0,0.0123918284934339,0.0479933453841281,0.0458106754291978,0,0.038748551772421,0,0,0,0,0.0345591585204071,0.0264488057908059,0.0322610914915777,0.070341745064994,0.0335572301947731,0.0374042598579298,0.0270862178497956,0,0,0.0247836569868678,0.0319955635894187,0,0.0273993637194369,0,0,0.0101178855963316,0.0294984520948788,0,0,0,0.0270862178497956,0,0.0206530474890565,0,0,0,0,0.00923632362561235,0,0,0,0.022244012899629,0,0.0206530474890565,0,0.00826121899562261,0,0,0,0,0,0,0,0,0,0,0
"19.09.2007.2",0.0132871545964282,0,0.0845589340602756,0,0.0430553017795547,0,0.0216978325964835,0,0.118720063322671,0.0485178286501479,0.0601601511303152,0,0,0.119091257756285,0,0.0488201233420879,0,0.159906549139956,0,0.0413114424859591,0,0.0271222907456044,0.137550397360515,0,0,0.0616100013089737,0,0.040228858318824,0.0325467488947253,0,0.0254429639911392,0,0,0,0.0162733744473626,0,0,0.0202964639029042,0,0.0363883714876109,0.0276594179530348,0,0.0351545066938179,0,0.0248579900724665,0,0,0.0343072856469665,0.0735809302939815,0.0338757302836558,0.0721677218668209,0.030685369132048,0.0375817484712336,0.0281863113534252,0,0,0,0.0363883714876109,0,0,0,0,0.0179908923716197,0,0,0,0,0.0311611396611486,0,0.0351545066938179,0,0,0,0,0.0093954371178084,0,0,0,0.0223656139105679,0,0.0248579900724665,0,0,0,0,0,0,0,0,0,0,0,0,0
"26.09.2007.2",0,0,0.148227585566969,0,0.050815880236041,0,0.0194533732184346,0,0.0333622598321071,0.0643467964836689,0,0,0,0.0900162983822629,0,0.0302108111858341,0,0.11165147678547,0,0.053795027566431,0,0.0266898078656857,0.0993052756735035,0.0483465076331327,0,0.0766606366542474,0,0.0523266599117349,0.0290845438272602,0.0170114813901467,0.0389067464368692,0,0,0.0188725441303924,0.0294647500797465,0,0,0,0.0105500728959805,0,0,0,0.0397557208608917,0,0.0290845438272602,0,0,0.039191781356873,0.114894120475791,0,0.0715540757265659,0,0.0405869408065629,0,0,0.0182732622793936,0.0478838509841925,0,0,0,0,0,0.0302108111858341,0,0,0,0,0.0124830145940275,0,0.0182732622793936,0,0,0.0275112242394158,0,0.0226273855164116,0,0,0,0,0,0.0105500728959805,0,0.0200173558992643,0.0163441026509627,0,0,0,0,0,0,0,0,0,0.0124830145940275
"07.10.2008.5b",0.0600754188853334,0.0781513477384954,0.104983339844457,0.0552613479447581,0.0715687310083438,0,0.0232671096859331,0.0418210956260889,0.0472740784653286,0.057356719851659,0.0379950310132695,0,0.0158068883689832,0.0229668763374087,0.0351483657530199,0.0278807304173926,0.0351483657530199,0.028374232984984,0.026866544080876,0.0217244901192216,0,0.107852978448585,0.0370704391598242,0.0592611935685771,0.0153615342811218,0.0249928849830055,0,0.0649601360034183,0.0220416527370244,0.0592611935685771,0.0318325598103169,0.0565033310616797,0.026866544080876,0.0876930178488385,0.0904206825611059,0.0669593755491456,0,0.0345508995800372,0.0178679221541448,0.0162400340008546,0.0162400340008546,0,0.01747517260765,0,0.0214026280279021,0,0,0.012906270308381,0,0.0217244901192216,0,0,0,0,0.0117817589685991,0.0351483657530199,0,0,0.00745143863677785,0.0220416527370244,0.0139403652086963,0.0149028772735557,0,0,0.0372571931838893,0.0144296488727636,0.0349503452153,0.0111771579551668,0.0244311753891397,0,0,0,0,0,0,0.0204066051361439,0,0.00745143863677785,0,0,0,0,0,0,0,0,0,0.0223543159103336,0,0.0149028772735557,0,0,0,0
"07.10.2008.6b",0.0670571240764657,0.11323229022467,0.112514487172895,0.0583341772945497,0.0770375116770258,0,0.0273759562676403,0.0387154486366296,0.0450057948691581,0.0641233872371354,0.0424583819628848,0,0,0,0.0284641639385719,0,0,0.041736657170311,0.0354375983175911,0,0,0.115621980496406,0.0454536247535973,0.066450259792828,0,0.0190943416468035,0,0.066144739738684,0.0238148281561158,0.0608827108168047,0.0339786299889902,0.0615444988546894,0.0242363622646505,0.0769059359846159,0.0956836323754352,0.0747692419259489,0,0.0389761616742023,0.0291670886472749,0.0180023179476633,0,0,0.0258538608083119,0,0.0215840209765254,0,0,0,0,0,0,0,0,0,0.0162270701093764,0.0371127292020841,0,0,0,0.0262426624871336,0.0190943416468035,0.0174306694011077,0,0,0.0540069538429898,0,0.0465543562068156,0,0.0238148281561158,0,0,0,0,0,0,0.0190943416468035,0,0,0,0,0,0,0,0,0,0,0,0.0110241232897807,0,0.0135017384607474,0,0,0,0
"27.10.2008.1",0,0.0369852820156806,0,0.0141239878696788,0,0,0.0184926410078403,0,0.0745462191259819,0.140024017807083,0,0,0,0,0,0.0272204305280156,0,0.0536499106211825,0.0311277531970067,0.0373685594236629,0,0,0,0,0,0.0192477510131771,0,0,0,0,0,0,0,0,0,0,0,0,0,0,0.0232693963133488,0,0.0199743352000928,0,0.0377479453880636,0,0,0,0,0,0,0,0,0,0,0,0.0266918281597592,0,0,0,0,0,0,0,0,0,0,0.0130762718586923,0,0,0,0,0,0,0.0232693963133488,0,0,0,0,0,0,0,0,0,0,0,0,0,0,0,0,0,0,0
"27.10.2008.2",0.0443322052983016,0.0634740582801515,0,0,0.0221661026491508,0,0.0228930523761294,0.144221687625789,0.220698405158495,0.169005933821103,0,0,0,0,0,0.0845029669105516,0,0.130761219447945,0.10093084403656,0.0508694750812067,0,0,0,0,0.0127976053313721,0.0291830301978964,0,0,0.0242817488658298,0,0,0,0,0,0,0,0.0343395785641941,0,0.0328776433862879,0.0383928159941163,0.0498942509083659,0,0.0313476029913833,0,0.0730697317108293,0,0,0,0,0,0,0.0416659842498191,0,0.0388170588839699,0,0,0,0.047884254521146,0.0297389473918436,0,0.0333720717828461,0,0.0357417665665394,0,0,0,0,0.0235976182598947,0,0,0,0,0,0,0.0370909840611911,0,0,0,0,0,0,0,0.0189819162593938,0,0,0.0151423308346037,0,0,0,0,0,0,0,0
"22.05.2008.1",0,0,0,0,0,0,0,0.0300813531618954,0,0.00994847244583521,0,0,0,0.0413618605976062,0,0,0,0.0237813977728743,0,0,0,0,0,0,0,0,0,0,0,0,0,0,0,0,0,0,0,0,0,0,0,0,0,0,0.0231792393324304,0,0,0,0.0562770586311808,0,0,0,0,0,0,0,0,0,0.0140692646577952,0,0,0,0,0,0,0,0,0,0,0,0,0.0112805074357108,0,0,0,0,0,0,0,0.0112805074357108,0,0,0,0,0,0,0.00531768220201091,0,0,0,0,0,0,0
"01.06.2008.1",0,0,0,0,0,0,0,0.296444896759499,0.209250916114534,0.226835630900598,0.164260798435671,0,0,0.0373686586976344,0,0.149869966437825,0,0,0.0977849879084906,0.139989889984127,0,0,0,0,0,0,0,0,0.108566584515197,0,0,0,0,0,0,0,0.114301266536489,0,0.0257430807817768,0.030768866642786,0.0206403832211686,0,0.0261987459050834,0,0.046153299964179,0,0,0,0,0,0,0,0,0.0283674933913682,0,0,0,0,0,0,0.0128715403908884,0,0,0,0,0,0,0,0,0,0,0.020058846942301,0,0,0,0,0,0,0,0,0,0,0.0137602554807791,0,0,0,0,0,0,0,0,0,0,0
"25.06.2008.a",0,0,0,0,0,0,0.0115824245427841,0.152650906891669,0.100640539301224,0.026915122417744,0.277132350368225,0,0.0115824245427841,0.0447087588567427,0,0,0,0.0747941286510061,0.193845638529293,0.0237369068080701,0,0,0,0,0,0.0266647437440006,0,0.0190318655780529,0.0650061965208897,0.0109880527146696,0,0,0.0436459199434251,0.0242954986874701,0,0,0.0240178267260785,0,0.0693979599310051,0.103272108451403,0.103531586519835,0,0.0132059958267475,0,0,0.0484527581264732,0,0,0,0,0,0,0,0,0,0,0,0.017179511874219,0,0,0.00634395519268429,0,0,0,0,0,0,0.0251100980475913,0,0.0103596354487708,0,0.0193811032505893,0,0,0,0.0126879103853686,0,0,0,0,0.0073253684764464,0,0,0,0,0.0109880527146696,0,0,0,0,0,0,0,0
"25.06.2008.b",0,0,0,0,0,0,0.00824502199258199,0.124223781935676,0.133457339874726,0.0430402783876322,0.242896024954766,0,0,0.0391095732821085,0,0,0,0.133552814316322,0.181109185424325,0,0,0,0,0.0174903328859608,0,0.0252451209998141,0,0,0.0818814126208512,0.00966814527352433,0,0,0.0100980483999256,0.0199846135186972,0,0,0.0331086657989693,0,0.0577887233265032,0.0789221326319745,0.0856847820040487,0.016745718828701,0.0136728221688114,0,0.00921821482569704,0.0433354151826966,0.0177315902535275,0,0,0,0,0.0295845819828305,0,0.024389103960763,0,0.0105103820075443,0.0116602219239739,0.0201960967998513,0,0,0.00966814527352433,0,0,0,0,0,0,0,0,0,0,0.0268754836024946,0,0.0077125118606645,0.0077125118606645,0,0,0.00651826221368475,0,0.00966814527352433,0.0077125118606645,0,0,0,0,0.0077125118606645,0,0,0,0,0,0,0,0
"15.07.2008.2",0.187150189848368,0.0607195395241885,0.248999472634976,0,0.248876052814439,0,0.0259985535752551,0,0,0,0.0350564424893604,0,0,0,0,0,0,0,0,0,0.125666467110866,0,0,0.0282634075087628,0,0,0,0,0,0.0271546035877142,0,0,0.0414793421357399,0,0,0,0,0,0,0,0,0.0367675070682092,0,0,0,0,0.0375938463582979,0,0,0,0,0,0,0,0,0,0,0,0,0,0,0,0,0,0,0.0422135467831626,0,0.0282634075087628,0,0,0,0,0,0,0,0,0,0.0192012043373052,0,0,0,0,0,0.0207396710678699,0,0,0,0.0135773017938571,0,0,0,0.0135773017938571,0,0
"04.08.2008.4b",0.188001382479896,0.245342186119502,0.507283614437344,0.265605409372701,0.19213377465104,0.0316171311894096,0,0.025350101242169,0,0,0,0,0,0,0,0,0.285305976415686,0,0,0,0.0910096487110835,0,0,0,0,0,0,0,0,0,0,0,0.0169000674947793,0,0,0,0,0,0,0,0,0,0,0,0,0,0,0,0,0,0,0,0,0,0.0169000674947793,0,0,0,0,0,0,0,0,0,0,0.0527704438388474,0,0,0,0,0,0,0,0,0,0,0,0,0,0,0,0,0,0,0,0,0,0,0,0,0,0,0,0
"04.08.2008.2b",0.141000631902538,0.319963179228019,0.436657331647877,0.196876216952546,0.14562073027807,0.033841843791103,0.0401314899748174,0.0341052084151912,0.0335764134671827,0.033841843791103,0.0407948653286844,0,0,0,0.0133771633249391,0.0227804882740489,0.244037006090129,0,0.0211511523694394,0.0227804882740489,0.0666177361205557,0,0.0353926474052829,0.0260768919690205,0,0,0,0,0,0.00945908290010444,0,0.0119648986162724,0.0184391471435634,0,0,0.0283772487003133,0,0,0.00732697410849997,0.0179473479244086,0,0,0,0,0,0,0.0239297972325448,0,0,0,0.00945908290010444,0,0,0,0.0103619061553972,0,0,0,0,0,0,0,0,0.0111921378223942,0,0.0223842756447885,0,0,0,0,0,0,0,0,0,0,0,0,0,0,0,0.0140300872586134,0,0,0,0,0,0,0.0059824493081362,0,0,0,0,0
"18.08.2008.4d",0.164146703278355,0.229016934009723,0.19286820168768,0.131986100303565,0.0818984058210145,0.0767024990020069,0.0847157540483935,0.0408535643145918,0.0469149426043138,0.0688173410019118,0.0494057948161396,0,0.0144439161812443,0.0720749970156447,0.0340276103526534,0.0290678205983143,0.110992826345356,0.0605956283724682,0.0321356847993242,0.0287067156406076,0,0.0804851507416597,0.0646758504292658,0.0587602938000732,0,0.0416125189288239,0,0.0476868030978576,0.0237337761335441,0.0373871500406281,0.0120846472954558,0.0448692299508285,0.0759508305424959,0.0538508248186253,0.0329371965440931,0.0540441856734964,0,0.0308099261872078,0.0179825306258256,0.0266332654740788,0.0206805407336018,0,0.0116450575148012,0,0.0167823140471925,0.0638643270646717,0.0209312231072793,0.0283410100632568,0,0.0185535462694828,0,0,0,0,0.0133166327370394,0.0574134312812151,0.0211789385120984,0,0,0.038487006560926,0,0.0140781880552247,0.00722195809062215,0,0.0216658742718665,0.0311466566925934,0.0161487892212857,0,0.0125087983430907,0.0179825306258256,0.00854513605086448,0,0.00968927353277143,0,0,0.0120846472954558,0,0,0,0.00791125871118138,0,0.0199095644813376,0,0,0,0,0,0,0.0116450575148012,0.00791125871118138,0,0,0,0
"29.08.2008.1",0.0747861540605854,0.0817846817122058,0.0370095481530307,0.0408224990615631,0.0331023461946914,0,0.0440501732179298,0,0.0278597757387214,0,0.0337849406108143,0,0,0,0.0151090847643148,0,0,0,0,0.0252823345196344,0,0.0432658344170668,0,0.0158465417885662,0.0366998393763511,0.0218951439609797,0,0,0,0.0363874946376973,0.0172270071440115,0.0290629048261942,0.0117034467337255,0.0202709643664886,0.0117034467337255,0,0,0,0.00827558654867284,0,0,0,0,0,0,0,0.0165511730973457,0,0,0,0,0,0.0229140615682832,0,0,0,0,0,0,0.0158465417885662,0,0,0,0,0,0,0,0,0,0,0,0,0,0,0,0,0,0,0,0.00955582424315662,0,0,0.0106837362943693,0.0106837362943693,0,0,0,0,0,0,0,0,0,0
"03.09.2008.2b",0.166411852349978,0.145081175402702,0.0588182988995137,0.0601768682829257,0.0453113950848171,0,0.0150442170707314,0.0303558921492345,0.0220224788051706,0.0201036806896189,0.0227447183079017,0,0,0,0.0408060150756361,0.0208923578241367,0,0.0234447190020996,0,0,0,0.114643872146859,0.038982483175598,0.0505398695719269,0,0.0170585387309263,0,0.0688239165814197,0,0.06124202828995,0.0275647782009559,0.0545399185249515,0.0421698363761194,0.0718126436636835,0.0959095175812533,0.0647076243152135,0,0.0423610837807473,0.0269719179719626,0,0.0188589241474093,0,0,0,0,0,0,0,0,0,0,0,0,0,0.00899063932398754,0.0237869957787489,0,0,0,0,0,0.0196975038565639,0,0,0.0404078980914799,0.00899063932398754,0.0383553782051926,0,0.0201036806896189,0,0,0,0,0,0,0.0139282385494245,0,0,0,0,0,0,0,0,0,0,0,0.0144969703103952,0,0,0,0,0,0
"17.09.2008.1d",0.20545681580982,0.208488033559375,0.0227235757519961,0.0640305044955623,0.0986056573023816,0.0198099540677684,0.0601209303379191,0,0.0290115194152155,0.0152434380219987,0.0268868974212233,0,0,0.0302317512571363,0.050556764434007,0,0,0.0438276457186436,0.0155784986641733,0,0.0194150316332061,0.0220313240922851,0.0306557796968402,0.0292772793412934,0.0392269737167039,0.0138222115138635,0.0230619106278167,0.0150731149329178,0,0.0210729772377508,0.0143716511919362,0.0136341454511976,0.0291889615553305,0.00850238350663733,0.0118075163196292,0,0,0,0.00787167754641947,0,0.00642719780281704,0,0.0075365574664589,0,0,0.057171360531965,0.0393583877320973,0,0,0.0104132505943585,0,0,0,0,0,0.00964079670422557,0,0,0,0.0075365574664589,0,0.0419002033748381,0,0,0,0.0132500077088762,0.00964079670422557,0.0108978440913807,0,0.0106583017826704,0,0,0,0,0,0.00556611657238709,0,0.00454471515039921,0,0,0,0.00642719780281704,0,0,0.00321359890140852,0,0.00454471515039921,0,0.00990497703388421,0.00556611657238709,0,0,0,0
"17.09.2008.3b",0.0751358063923264,0.113290406471061,0.0240312983423463,0.0283095946817784,0.0374500736225112,0,0.104298976252377,0.0331070640781167,0.057445790596445,0.0268129200128466,0.0332845831205013,0,0,0,0.0211626960015835,0,0,0.0616993311752343,0.0301248267338406,0,0,0.0141547973408892,0,0.0383825833436174,0.0188035488403423,0,0,0,0.0237848169718798,0,0,0,0.0175051513120848,0,0.0171652131016759,0,0,0,0.0164642940194796,0,0.0149642858509092,0,0,0.0164642940194796,0.0141547973408892,0.0607367240731739,0.0443646879028505,0,0,0,0,0,0,0,0,0.0230295500061705,0,0,0,0.0168184053700971,0,0.0305135502524697,0,0,0,0.00686608524067038,0,0,0,0,0,0,0.0118924084859399,0,0,0,0,0.00485505543388289,0,0,0,0.00686608524067038,0,0,0,0,0,0,0.00594620424296994,0,0,0,0,0
"15.10.2009.1",0,0.0212716439884735,0.0113701719797568,0,0,0,0.0139255598190474,0,0.127224044576195,0.10684332266449,0.0317551621728518,0,0,0.0341105159392703,0,0.0464649280768022,0,0.0435938977321816,0.0406791639401591,0.0538134756638437,0,0,0,0.0802382974663124,0,0,0,0,0.0160798514202865,0,0.0113701719797568,0,0,0,0.00803992571014327,0,0,0,0.0119251369775852,0.0190259367805606,0.0249107987041038,0,0.022454290510102,0,0.038221370496052,0,0,0,0,0.0183338514286562,0,0.0294309604445717,0.0160798514202865,0.0300826474224713,0.0212716439884735,0,0.0264218920326673,0,0,0,0.0215733845063144,0,0,0,0,0,0,0.0152546864775597,0,0,0.00951296839028029,0,0.0129639906704695,0,0.00622769967602595,0,0,0,0,0,0.0101697909850398,0,0.0156727004888617,0,0,0,0.00803992571014327,0.00880729734422243,0,0,0.0113701719797568,0,0.00803992571014327,0
"15.10.2009.p2",0,0.021267271094054,0.0268486136799855,0.0205919466916374,0,0,0.021267271094054,0,0.209862819067254,0.128596665872402,0.0625715138564647,0,0,0,0,0.0704352947182694,0,0.0669370254121345,0.0865515226771807,0.0657654038170725,0,0,0,0.150664019072603,0,0.0293630858855272,0,0,0.032775065934281,0,0.0246530698208176,0,0,0,0.0159504533205405,0,0,0,0.0202458389041517,0.0454269109700702,0.0463509427519326,0.0243647199034122,0.045271072051193,0,0.0694246929115695,0,0,0.0163875329671405,0,0.0396094003191108,0.0130234906004686,0.0567680794195946,0.0358638966269992,0.0556363762337558,0.0219218012723575,0,0.0638018132821621,0,0.0198937104963978,0,0.0298405657445967,0,0.0271105575773623,0,0,0,0,0,0,0,0.0118887659655553,0,0.0135552787886812,0,0.0187977895099228,0,0.00920899851831063,0,0,0,0.0168132540683679,0,0.0237775319311106,0,0,0.0168132540683679,0.0191700591047012,0.0118887659655553,0,0,0.0130234906004686,0,0.0209323325066656,0
"20.05.2009.1",0,0.0285875466011422,0.00882230841550732,0,0,0,0.038116728801523,0.106478598734097,0.0496459026471184,0.213717272685786,0.0564903368454427,0,0,0,0,0.0509356213856705,0,0.0739005479824941,0,0.101998502337225,0,0,0,0.0172731096066575,0,0.0108050769857274,0,0,0,0,0,0,0,0.00952918220038074,0,0,0.0249532564252975,0,0.0187149423189731,0,0,0,0.0392898247379255,0,0.0203742485542682,0,0,0,0,0,0,0,0,0,0,0,0,0,0,0,0.0571750932022844,0,0.0529338504930439,0,0,0,0,0.00805362888073503,0,0,0.0259721727382508,0,0,0.0119454620641874,0.00720338465715163,0,0,0,0,0,0,0,0,0,0,0,0,0,0,0,0,0,0,0
"20.05.2009.2",0.116469959806151,0.0456983016766348,0.0507856544074691,0.0409610476791697,0.0130217373731611,0,0.0796015099675159,0.111817865898082,0.058464402905379,0.164469396868172,0.110573845907169,0,0,0.096664158026838,0.0249943099788844,0.0783015754281597,0.0256985128301568,0.074205263851099,0.0360967880590903,0.131343340798221,0,0,0,0.0163626167744897,0.0166330915737004,0.0219527540385224,0,0.0213342421263325,0.0539387567008709,0.00844961896906302,0,0,0.0123173304345947,0.0340615030017494,0,0,0.0291174899515378,0,0.00790389480775497,0.0209117400501343,0.0171612572523021,0,0.0554078569434068,0,0.0260434747463222,0.010771193001419,0.0447111809307894,0.0174193357528347,0,0,0,0.0327252335489794,0,0.0320362040960501,0.00668001032570074,0,0.0166330915737004,0.0297241694827471,0,0,0,0,0.010348627497573,0.0412865710582279,0,0,0,0,0,0.0166330915737004,0,0.0176736460771477,0,0.0211240474226576,0,0,0.0251722076685946,0.0198161129884981,0,0.0292703387180298,0,0,0.0188939223987966,0.0337984758762521,0,0.0242696827535793,0,0.00668001032570074,0,0,0.00844961896906302,0,0.00668001032570074,0
"08.07.2009.1",0,0.0223676961983718,0,0,0,0,0.0159594869650024,0.191299981041426,0.0808168898024606,0.0313438101727647,0.0552029534996404,0,0,0,0,0.018345973959744,0,0,0,0.0292417821627422,0,0,0,0.0341228184524134,0,0.0138213211430587,0,0,0,0,0,0,0,0.0100031378399246,0,0,0,0,0.0255921138393101,0,0.00953761770543508,0,0.00953761770543508,0,0.0237484765673333,0,0,0,0,0,0,0,0,0,0,0,0,0,0,0,0,0,0,0,0,0,0,0.0141465731995089,0,0,0,0,0,0,0.00738780690712861,0,0.0162419776916354,0.00797974348250118,0,0.00522396836212746,0,0,0,0,0,0.00674411415587802,0,0,0,0,0,0,0,0.00674411415587802
"08.07.2009.2",0.411253482227424,0.171265254856551,0.0696292276441951,0.22767058537914,0,0,0.185077805980193,0.0925104250995958,0.0541296301798415,0.0637005272109087,0.10908364289256,0,0,0,0.0638657688042494,0.0321385071603487,0.0375807169526861,0.0186496047455958,0,0.0485888556886579,0,0,0,0.0337384044161305,0.0517403688359968,0,0.0811619869653392,0,0.0464825122603878,0,0,0,0.014518697603476,0.0129859179144543,0,0,0.0283021519391103,0,0,0.01590443636604,0.0165538622119291,0,0,0,0.0263745239641192,0,0,0.0117053482248828,0,0,0,0.0304546770208649,0.0186496047455958,0.0302811446851029,0,0,0,0.0293981220219054,0,0,0,0,0,0.0249366820426953,0,0,0,0,0,0,0,0,0,0.0283021519391103,0,0,0,0.0192064316096735,0.0112461348053768,0,0,0.0125735609544745,0,0.0133855778017239,0,0,0,0,0,0,0,0.00858937733688614,0,0
"12.07.2009.1b",0.359192995259007,0.1455213750218,0,0.120456647477707,0,0,0.253601509242741,0,0,0.0342997170285018,0,0,0,0,0.0840168050416806,0,0,0,0,0,0,0,0,0,0.062622429108515,0,0,0,0,0,0,0,0,0.0560112033611204,0,0,0,0,0,0,0,0,0,0,0,0,0,0,0,0,0,0,0,0,0,0,0,0,0,0,0,0,0,0,0,0,0,0,0,0,0,0,0,0,0,0,0,0,0,0,0,0,0,0,0,0,0,0,0,0,0,0,0,0
"12.07.2009.2b",0.280067510385543,0.0895971277783267,0.0486206660783465,0.180903836874268,0.0110960981550153,0,0.318633882240297,0.0382238705342621,0.0239703116355786,0.0304553701362369,0.0575857918143913,0,0.0103299052123903,0,0.0616474555003608,0,0.0265689190682811,0.0176610475002624,0.0194313769219163,0.0164581732699778,0,0.0154284983795275,0,0.0473375725574975,0.0606406247939715,0.0229200017932037,0.0412201751678364,0.0253029968616726,0.015951646147525,0.00992465190384965,0.0146086920493909,0,0.0326660284847988,0.0578701678244321,0,0,0.0124882464502933,0,0.00573000044830093,0,0.0095021307677912,0.0261013942463563,0.00905992620520841,0,0.015951646147525,0,0.0118126985415906,0.0181198524104168,0,0,0,0.0169495699046724,0.0234510375261652,0.0220064842893759,0,0,0.0143250011207523,0.0143250011207523,0,0,0,0,0,0,0,0,0,0,0,0,0,0,0.0121551665195866,0.0151601561984929,0,0,0.0103299052123903,0.0124882464502933,0,0.00758007809924644,0.00640633525675257,0.00992465190384965,0,0,0,0,0,0,0,0,0.00701778866212807,0.00496232595192483,0.00573000044830093,0
"25.07.2009.b",0.51600532751989,0.536220898055241,0.107992066677036,0.0580282680671685,0.0672092462821013,0,0.0395024908145285,0,0,0,0,0,0,0,0.155389384159899,0,0.0551249923644442,0,0,0,0,0,0,0,0.144147774227414,0,0.10172623072933,0,0,0,0,0,0,0,0,0,0,0,0,0,0,0,0,0,0,0,0,0,0,0,0,0,0,0,0,0,0,0,0,0,0,0,0,0,0,0,0,0,0,0,0,0,0,0,0,0,0,0,0,0,0,0.0156966981805523,0,0,0,0,0,0,0,0,0,0,0,0
"25.07.2009.p2",0.362432219787361,0.350327734898157,0.415122790102289,0.278815877191593,0.135671402078367,0.0127254090412085,0.00793568678979292,0.0127254090412085,0,0.0184895906752822,0,0,0,0,0.125223025365137,0,0.226012881668372,0,0,0,0.0691817135285961,0.0279766123238561,0.0357420675020517,0,0.0910259695789096,0.0130741149478556,0.143125498990075,0,0,0,0,0,0,0.0243673031466811,0,0,0,0,0,0,0,0,0.0089982230264111,0,0,0,0,0.0143846538812869,0,0,0,0,0,0,0,0,0,0,0,0,0,0,0,0.0108145181699287,0,0,0,0,0,0,0,0,0,0,0,0,0,0,0,0,0,0.0116166559755834,0,0,0,0,0,0,0,0,0,0,0,0
"08.08.2009.p2",0.157771089661964,0.213949840745636,0.0987872900093446,0.0671866199075967,0.0635699792948976,0,0.032288213380094,0.0429954373513038,0.0360620849979439,0.0153769247096771,0.0329472244425115,0,0,0.0312736696039715,0.107388557439065,0,0.0419836382732179,0,0,0,0.032288213380094,0.0635699792948976,0.0458971990882923,0.0382320514274243,0.0708462044011681,0.0243130527457516,0.0743980858644427,0.0764641028548486,0,0.026021265999009,0.0380912330799691,0.0202092383397803,0.00803033702780353,0.0461307741290314,0.0118203360509298,0,0,0,0,0.00733066122416164,0,0.0631458919769947,0.0160606740556071,0,0,0,0,0.0153769247096771,0,0,0,0,0.0065567427268989,0,0,0,0,0,0,0,0,0,0,0,0.0258139219297358,0,0,0,0.0160606740556071,0,0,0.0274288227193217,0,0,0,0.0118203360509298,0,0,0,0,0,0,0,0,0,0.00867375533300299,0,0,0,0.00983511409034835,0,0,0,0
"22.08.2009.1",0.132886908209049,0.185906023154187,0,0.116715909073604,0.0615146853082839,0.0420225301158322,0.0979095321630921,0,0,0,0,0,0,0,0.0952981406984694,0,0,0,0,0,0,0.0727851572232146,0,0,0.0778106060490696,0.101700972414776,0,0.141171400356115,0,0.123029370616568,0,0.125063051706406,0,0,0,0,0,0,0,0,0,0,0,0,0,0,0,0,0,0,0,0,0,0,0.0550204071855321,0,0,0,0,0,0,0,0,0,0,0,0,0,0,0,0,0,0,0,0,0,0,0,0,0,0,0,0,0,0,0,0,0,0,0.0317660468994898,0,0,0,0
"22.08.2009.p1",0.0446039561759209,0.0739102858441235,0.0169299952974953,0,0.0364960550012188,0,0.1527015575423,0,0.0290347023998977,0,0.0272369651436527,0,0,0,0.0514496237346296,0,0,0.0478852579212611,0.0178981926045966,0,0,0.0980324382810971,0.0615919048701029,0,0.0242921748803074,0.100327396481721,0,0.10699593147433,0,0.126891947419475,0.0672201959004535,0.16024420338192,0,0.0336100979502268,0.04770888436462,0.0914477901265536,0,0.0496145212097812,0,0.0136184825718263,0,0.0607651303982287,0.0228619475316384,0,0,0,0,0.0341080524504385,0,0,0,0,0,0,0.0221121705673903,0,0.025969427309059,0,0,0.0136184825718263,0.00580694047997954,0,0,0,0,0,0,0,0.0507899858924858,0,0,0,0,0,0,0.0296097028216875,0.0148048514108438,0,0,0.0136184825718263,0.0209372216541337,0,0.00821225398268039,0,0,0,0,0,0,0.0153637203881799,0,0,0,0
"02.09.2009.1",0.031732145170202,0.0450657815648941,0.0579837821144181,0.023001400160103,0.121501455462713,0.023001400160103,0.0570939526149409,0,0,0.0257991697563853,0.0175270844490917,0,0.0148951576037179,0.0429324135789447,0.0198124117293072,0,0,0,0,0,0,0.106693102389124,0,0.0189314149189434,0,0.130377634101109,0.0202385338495848,0.111541682415438,0,0.118946232815447,0.0752735621445821,0.0825201244899123,0.0148951576037179,0.027089915753202,0.085366478043833,0,0,0.0702299481874982,0.0130639174251828,0,0,0.0371805608051461,0.0218601149991849,0,0,0,0,0.033306584937486,0,0.0338151118273527,0,0,0.012393520268382,0,0.0779468242477848,0,0,0,0,0,0.0130639174251828,0,0,0,0,0,0,0.013701552187296,0.0497459154919672,0,0,0,0.0454429076507341,0,0,0.0130639174251828,0,0,0,0,0.00584236148303057,0,0,0,0,0.0101192669247924,0,0.0116847229660611,0,0.00584236148303057,0,0,0,0
"02.09.2009.2",0,0.0822832012545883,0.0751868331757284,0.050631975308926,0.0830782264953335,0.0405380236486154,0.174831242404909,0,0,0.0413408347253551,0,0,0.0229317691342692,0,0.0549884506497291,0,0,0.0531651195944992,0,0,0,0.0962724720672184,0,0,0,0.12481498830454,0,0.10382800070483,0,0.106638890750247,0.0561711332782644,0.078186908521624,0.0162152094594462,0.0343976537014039,0.0948970803561397,0.07474842224784,0,0.0601276059305419,0.0229317691342692,0,0,0,0.0268898828370022,0,0,0,0,0.0280855666391322,0,0,0,0,0,0,0.0716044261716228,0,0,0,0,0.0362583106207192,0,0,0.0421283499586983,0,0,0,0,0,0.0451412326820643,0,0,0,0.0388827063413652,0,0,0.0243228141891692,0,0,0,0,0,0,0.0140427833195661,0,0,0.0140427833195661,0,0,0,0,0,0,0,0.0114658845671346
"16.09.2009.1",0,0.0239506359195312,0.132920634956571,0,0.203368966375134,0,0.0256841956286824,0,0.0766794486791399,0.0119753179597656,0.0489378954591019,0,0,0.111505580257626,0.00846782853621529,0.0330136733158381,0,0,0.0302954243660639,0,0,0.107043535045209,0.0309973419762267,0.0200385396839429,0,0.0496650957120262,0.016066575006126,0.114488048099817,0,0.108771226983943,0.158554295159831,0.0626848130132576,0,0.0273079264909461,0.127749198584671,0,0,0.141034474228605,0.016066575006126,0.0217542453967886,0.0270440756028223,0.0738208177211848,0.0200385396839429,0,0,0,0,0,0.0290879462561583,0.0230349840216721,0,0.0169356570724306,0.0273079264909461,0,0.0365198115302996,0.0185520828094843,0,0,0,0.011360784137274,0,0,0.0136539632454731,0,0.0236493580658374,0,0,0.0151477121830319,0.0207418591431061,0,0,0,0.0262366071194414,0,0.00535552500204199,0.0136539632454731,0,0,0,0,0.0125598194358531,0,0,0,0,0,0,0.010711050004084,0,0.015613904329274,0,0.00927604140474213,0,0
"16.09.2009.2",0,0.0410713749938929,0.246303759806404,0.127975998363096,0.254750901422941,0.0247669709961324,0.0463347599878474,0,0.0425386696354461,0,0.021448826057443,0,0,0,0.0123834854980662,0.0345851928147056,0,0.0341389135652293,0,0,0,0.0984467626014566,0.0745070185521172,0.0234960117273323,0.0166141892232353,0.061917427490331,0,0.123958627980055,0,0.111451369482596,0.109227677251178,0.0553806307441177,0,0.0345851928147056,0.0713529514055521,0,0,0.128573740982021,0,0.0199677703815454,0,0.0591303328101796,0,0,0,0,0.0228340190171326,0,0.0183676772831459,0.0265596174703581,0,0,0,0,0,0,0,0,0,0,0.0271308573913158,0.0293046752797667,0,0,0.0336867225594601,0,0,0,0,0,0,0,0,0,0,0.0287766198612069,0,0,0.0259758183231172,0.00783200390911077,0,0,0,0,0,0,0.00783200390911077,0.00959220662040229,0,0.0146523376398833,0,0,0,0
"23.09.2009.1",0,0.0306189635162003,0.158256759419079,0.168900629031123,0.191652630028041,0,0.0356700130254708,0,0.128479822889983,0.0646943682277347,0.059293367888188,0,0,0.0400896337183082,0,0.0834532274424533,0,0.0327330488616436,0.0818326221541089,0.0421259205582922,0,0.029505171518231,0,0.0388166209366408,0,0.0216508767352087,0,0.0578644020474469,0.0575743530928963,0,0.0718078345129221,0,0,0,0.0141738259287503,0,0,0.0356700130254708,0.0115728804094894,0.0396698354096035,0.0332405682566022,0,0,0,0.0245497866462327,0,0,0,0,0.0258777472910939,0,0,0.0115728804094894,0,0.0224107865468012,0.0252225080953229,0.0200448168591541,0,0,0.0265168002425783,0.0306189635162003,0,0,0,0,0,0,0.0216508767352087,0,0,0,0,0,0,0.0129388736455469,0.0129388736455469,0,0,0,0,0,0,0,0,0,0,0,0,0,0,0.0115728804094894,0,0,0
"23.09.2009.2",0,0,0.0507836716119026,0.0215456871421962,0.0607284386627167,0,0.0418772884225111,0,0.0866304541713939,0.0621970413571123,0.0502732699984579,0,0,0.039336862882433,0,0.0563218163941313,0,0.0355485701283318,0.0433895880453071,0.0487099866371847,0,0.0296117146212625,0,0.0253918358059513,0,0.0152351014835708,0,0.0399871030143351,0.030890501483185,0,0.087371532292053,0,0,0,0.018310313195304,0,0,0.0263879698280125,0,0,0.0287275828562617,0.0355485701283318,0.0291729982995789,0,0.0152351014835708,0,0,0,0,0.0238196533670165,0,0,0,0,0,0,0.0227111483742481,0,0,0.0221360892538239,0.0101567343223805,0,0,0,0,0,0,0,0,0,0,0,0,0,0.00718189571406541,0.011355574187124,0,0,0,0,0,0,0,0,0,0,0.0101567343223805,0,0,0,0,0,0,0.0134360965747865
"19.10.2010.1",0.0115661881172717,0,0,0.0293256392949078,0,0.0190553983491676,0.0131148245894106,0,0.0494591008066362,0.0373510368037021,0,0,0.0462647524690868,0,0,0.0247295504033181,0,0.0445818309991673,0,0,0,0,0,0,0,0,0,0,0,0,0,0,0,0,0,0,0,0,0.0115661881172717,0,0,0,0.0131148245894106,0,0,0,0,0,0,0,0,0,0,0,0,0,0,0,0,0,0.0115661881172717,0,0,0,0,0,0,0,0,0,0,0,0,0,0,0,0,0,0,0,0,0,0.00977521309830259,0,0,0,0,0,0,0,0,0,0,0
"19.10.2010.2",0,0,0,0.0341348469235084,0.026777577008688,0,0.0250481297036164,0,0.053971931929739,0.0527117130533417,0,0,0.0591232891801027,0,0,0.0372728097479774,0,0.0844130996360082,0,0,0,0,0,0,0,0,0,0,0,0,0,0,0,0,0,0,0,0,0.0149691206160405,0.0222027939331663,0,0,0,0,0,0,0,0,0,0,0,0,0,0,0,0,0,0,0.00946730314329413,0,0,0,0.011595030970659,0,0,0,0,0,0,0,0,0,0,0,0,0,0,0,0,0,0,0,0,0,0,0,0,0,0,0,0,0,0,0
"05.05.2010.1",0,0,0,0,0,0,0,0.0196442235476052,0,0.0302737816785777,0,0,0,0,0,0,0,0.0450105706877675,0,0,0,0,0,0,0,0,0,0,0,0,0,0,0,0,0,0,0,0,0.0109814548044118,0,0,0,0,0,0,0,0,0,0,0,0,0,0,0,0,0,0,0,0,0,0,0,0.0302737816785777,0,0,0,0,0.0085061983149233,0,0,0,0,0,0,0,0,0.0147331676607039,0,0,0,0,0,0,0,0,0,0,0,0,0,0,0,0,0
"05.05.2010.2",0,0.00947835364679657,0,0,0,0,0.0157180713383605,0.0354647519369921,0,0.0707710019912542,0,0,0,0,0,0.026386619826467,0,0.0872574992227294,0,0.0413151856975265,0,0,0,0,0,0,0,0,0,0,0,0,0,0,0,0,0,0,0.0276339120784012,0,0,0,0.0310768606752311,0,0.0426525914105846,0,0,0,0,0,0,0,0,0,0,0,0,0,0,0,0.0466754786312175,0,0.0410424752208935,0,0,0,0,0,0,0,0,0,0,0.0157180713383605,0.0177323759684961,0.0157180713383605,0,0,0,0,0,0,0,0,0,0,0,0,0,0,0,0,0,0.0116085650181499
"16.06.2010.1",0,0,0,0,0,0,0,0.0478126472597323,0,0.0397825272255318,0,0,0,0,0,0,0,0,0,0,0,0,0,0.111737844252599,0,0,0,0,0,0,0,0,0,0.0286466936973358,0,0,0,0,0.0171196739349475,0,0,0,0,0,0,0,0,0,0,0,0,0,0,0,0.0171196739349475,0,0,0,0,0,0,0,0,0,0,0,0,0,0,0,0,0,0,0.0153123018684696,0,0,0,0,0,0,0,0,0,0,0,0,0,0,0,0,0,0,0,0
"16.06.2010.2",0,0.0175763483059307,0,0,0,0.00939495335305675,0,0.0563697201183405,0.0430530848909618,0,0,0,0,0,0,0.0210077543428745,0,0,0,0,0,0,0,0.142790928650639,0,0,0,0,0,0,0,0,0,0.0311595351949806,0,0,0,0,0,0,0,0,0,0,0,0,0,0,0,0,0,0,0,0,0.0148547255533477,0,0,0,0,0,0,0,0,0,0,0,0,0.0132864704497554,0,0,0.0148547255533477,0,0,0.0199297056746332,0,0,0.0132864704497554,0.00939495335305675,0,0,0,0,0,0,0,0,0,0,0,0,0,0,0,0
"05.07.2010.1",0.0571509714326695,0,0,0,0,0,0,0,0,0,0.0765370422814806,0,0,0,0,0,0,0,0,0,0,0,0,0.0252793530725563,0.0178752019816135,0,0,0,0,0,0.0546096440955791,0.020640505351807,0,0.0297920033026892,0,0,0,0,0.0157644463594661,0,0,0.0571509714326695,0.0157644463594661,0,0,0,0,0,0,0,0,0,0.0178752019816135,0,0.0279473763615291,0,0,0,0,0,0,0,0,0,0,0,0,0,0,0,0,0,0,0,0,0,0,0,0,0,0,0,0,0,0,0,0,0,0,0,0,0,0,0
"12.07.2010.1",0.10411375641959,0.0441475420973189,0,0,0,0,0.0206683158918387,0.0400240216216227,0,0,0.0490192152135485,0,0.0305688514496059,0.0253134138888307,0.0310024738377581,0.0541927814603405,0,0,0,0.0268489299236609,0,0.0771609437484719,0,0,0.0193334392072189,0.0354237087316065,0.0931508409068896,0.0554107488486867,0,0.0719690821942561,0.0492907918912345,0.128659228856453,0.0419775480161114,0.0834767155226015,0.015501236918879,0.0630722368543205,0,0,0.0115539398286476,0.0383200832619674,0.0263470365113964,0.105514738458845,0,0,0,0,0,0.0473570610308048,0,0,0,0,0.0263470365113964,0,0,0.0219220594842373,0,0.0213044123814208,0,0,0,0,0,0,0,0,0,0,0,0,0.0273416119341647,0,0,0,0,0.0186301681813779,0.0242357486470223,0.0136708059670823,0.0396890866820505,0,0,0,0,0,0,0,0,0,0,0,0,0,0,0
"12.07.2010.2",0.0505569213612751,0,0,0,0,0,0.0185642000436995,0,0,0,0.0438654933276972,0,0,0,0.01071804589252,0,0,0,0,0,0,0.0514019423596597,0,0,0,0.0343144897161561,0,0,0,0.0428721835700799,0.0636348717161769,0.0847335927164384,0,0.104191314334586,0,0.0411634363163952,0,0,0,0,0,0.104466589092617,0,0,0,0,0,0,0,0,0,0,0.0193222320191285,0,0,0,0,0,0,0,0,0,0,0,0.0245581283022417,0,0,0,0,0,0.100401262718294,0,0,0,0,0.0075788029316695,0,0,0,0,0,0,0,0,0,0,0,0,0,0,0,0,0,0
"26.07.2010.1",0.41277395201448,0.166718723615698,0,0.0766947457484404,0.0123444561043983,0,0.0636667642279463,0,0,0.0170156584761065,0.0230943626843644,0,0.0146061574385183,0,0.150784385795751,0,0,0,0,0,0,0,0,0,0.0897841748614965,0,0.164788086033824,0,0,0.0234219586595208,0,0.0240637749896185,0,0,0,0.020284011205534,0,0,0.0110412171978788,0,0,0,0,0,0,0,0,0,0,0,0,0,0.0227620523711202,0,0,0,0,0,0,0,0,0,0,0,0,0,0,0,0,0,0,0,0.0224248181373736,0,0,0,0,0,0.025893949576282,0,0,0.0355640331101714,0,0,0,0,0,0,0.01407484548645,0,0,0,0,0
"10.08.2010.1",0,0.0414688378734188,0.136876924070376,0.088054387125328,0.0679407211600349,0.0535360394901088,0.14881012001616,0.0290645399213945,0,0,0.0263419763192932,0,0.350371104256791,0,0.0315530544524372,0,0.0466069502100308,0.0290645399213945,0,0.0198041457158329,0,0.114295303491303,0.0526839526385864,0,0.0198041457158329,0.0823902263598414,0.0360179229571991,0.0606686529621484,0,0.0570816232409383,0.0274634087866138,0.0435968098820917,0.062142600280041,0.0425461299442567,0.0182171644818695,0.064524400798746,0,0.040734818138755,0.0245640195762934,0,0.0134542676249344,0.0372531801704553,0.0396082914316657,0,0,0,0,0.0274634087866138,0,0.0428992159149885,0,0,0.0122820097881467,0,0,0,0.0239420447091993,0,0,0,0.0182171644818695,0,0,0,0,0,0.0503412598424692,0,0.0269085352498688,0,0.00951360387348972,0,0,0,0,0.0263419763192932,0,0,0.0280072914625438,0,0,0,0,0,0.00951360387348972,0,0,0.00776782503500513,0,0.0122820097881467,0,0,0,0
"10.08.2010.2",0.0613707521550115,0.0641407364407005,0.0610552192050252,0.127828979503582,0.0186457730084745,0.0215302841313828,0.335480011597303,0,0,0.0181204342424366,0,0,0.268301954685845,0.0260002882333643,0.0493320783829841,0,0,0,0,0,0.0131845525347574,0.098566227057702,0,0,0.0263691050695148,0.0724817369697464,0.0479421626539863,0.0487412537357999,0,0.037549622079101,0.0210769642223207,0.0307639559144339,0.0301295794130463,0.0493320783829841,0.0236669961026639,0.0602591588260925,0,0.0263691050695148,0.0116276823848781,0,0,0.0310762883474575,0.0210769642223207,0,0,0.020613677665082,0,0.0256261638617437,0,0.0506838924632717,0,0,0.0131845525347574,0,0,0.0131845525347574,0,0,0,0,0.00982718524021157,0,0,0,0.0316917201387443,0,0.037291546016949,0,0.0196543704804231,0.0158458600693722,0,0,0,0,0,0.0170211841314374,0,0,0.0351588067593531,0,0,0,0,0,0.00982718524021157,0,0,0,0,0,0,0.00878970168983827,0,0
"22.08.2010.1",0.0224799027810197,0,0,0.0368300845857304,0.036467217760184,0,0.0757956887655802,0,0,0,0,0,0.584477472306513,0,0.0224799027810197,0,0,0.0247332704416054,0,0,0,0,0,0,0,0.0637915777495443,0,0,0,0,0,0,0.0136447834707486,0,0,0,0,0,0,0,0,0,0,0,0,0,0,0.017104641289928,0,0.0267978227554234,0,0,0,0,0,0,0,0,0,0,0.0115319468051525,0,0,0,0,0,0,0,0,0,0,0,0,0,0,0,0,0,0.0178652151702823,0,0,0,0,0,0,0,0,0,0,0,0,0,0,0
"16.09.2010.1",0,0.0203653739239427,0,0.0824734785432073,0,0.0322004835003298,0.0917572538699731,0,0,0.0240966353893403,0,0,0.0827245399414411,0,0,0,0,0.0375518940562366,0,0,0,0,0,0,0,0,0,0,0,0,0,0,0,0,0,0,0,0,0,0,0,0,0,0,0,0,0,0,0,0,0,0,0,0,0,0,0,0,0,0,0,0,0,0,0,0,0,0,0,0,0,0,0,0,0,0,0,0,0,0,0,0,0,0,0,0,0,0,0,0,0,0,0,0
"16.09.2010.2",0,0.0235186129934958,0,0.090255332482266,0.0173696468348118,0.0313135761498074,0.272662886234712,0,0.0328802107912721,0,0.0212733858788189,0,0.0750454514395575,0,0.0132662869025292,0.0317124912910822,0,0.0467692054235919,0,0.0343755214079318,0,0,0,0,0,0.0313135761498074,0,0,0.0381868963210693,0,0,0,0,0,0,0,0,0,0,0.0250709256895183,0.0206740149499791,0,0,0,0,0,0,0,0,0,0,0,0,0,0,0.0270022133410957,0,0,0,0.0245643901274218,0,0,0.014182257252546,0.0173696468348118,0,0,0,0,0,0.0173696468348118,0,0,0,0,0,0,0,0,0,0,0,0,0,0,0.00868482341740591,0,0.0187613628598894,0,0,0.00868482341740591,0,0,0,0
"12.10.2011.1",0.0312657065879852,0.0607185219834395,0,0.0190548661275035,0,0,0.0928995190222531,0,0.0987295003746019,0.0741766710464875,0.0614046287553094,0.0258904647658464,0,0.179763247520732,0.0504144370390026,0.035055855011935,0,0,0.0384744269975478,0,0,0,0,0,0.0384744269975478,0.0303592609917197,0,0,0.0242183121845349,0,0,0,0,0,0,0,0,0,0,0.0247882327992317,0,0,0.0167122231439488,0,0.0338396727214355,0,0,0,0,0,0,0,0,0,0,0,0,0,0,0,0,0,0,0,0,0,0,0,0,0,0,0,0,0,0,0,0,0,0,0,0.011817326313789,0,0,0,0,0,0,0,0,0,0,0,0,0
"12.10.2011.2",0.136787220900393,0.234256340485911,0,0.0566269509178089,0,0.0243934688454523,0.0841093345906937,0,0.0706522153735471,0.0572077553547355,0.0437876166501538,0,0,0.231773614254217,0.208893187146837,0,0,0,0.0275740925238238,0,0,0,0,0.0229983829830428,0.151138926840876,0.0325246251272697,0,0,0,0,0,0,0,0,0,0,0,0,0,0,0,0,0.0114991914915214,0,0.0314918328648887,0,0,0,0,0,0,0,0,0,0,0,0,0,0,0.0181818181818182,0,0,0,0,0,0,0,0,0,0.0207304622745298,0,0,0,0,0,0,0,0,0,0,0,0,0,0,0,0,0,0,0,0,0,0,0,0
"15.05.2011.1",0,0,0,0,0,0,0,0.0530594194688313,0.0503130797600106,0.0212014621925233,0,0,0.0161318938590459,0,0,0.0222894145056878,0,0.0469062255526877,0,0,0,0,0,0,0,0,0,0,0,0,0,0,0,0,0,0,0,0,0.0279412597861759,0,0,0,0.022813943082226,0,0.0406947170611602,0,0,0,0,0,0,0.036722009712201,0,0,0,0,0,0,0.0496027418100969,0,0.0145918470240801,0,0,0,0,0,0,0,0,0.0303753518194387,0.026640945902511,0,0,0,0.00972789801605342,0,0,0,0,0,0,0,0,0.012868799464938,0,0,0,0,0,0,0,0,0,0
"21.06.2011.1",0.0349743516429687,0.0206767515951783,0.0269150987408407,0.0907843095888584,0,0.0137845010634522,0.10644009347051,0.0391404590659658,0,0.0215210453875449,0,0,0.0831366560582483,0.149062346553866,0.00844124849107751,0,0,0.0907188794473216,0.00974711417724024,0,0,0,0.0550302074659457,0.0250881706277091,0,0.0165270361833105,0.046998882526414,0,0,0,0,0,0.135279621433897,0.0348041591407983,0,0,0,0,0.0250881706277091,0,0,0,0.00844124849107751,0.022859008974863,0.0142087384702631,0.0435904197695222,0,0.0260176752004695,0.0366328140650732,0,0,0,0,0,0,0,0,0,0.00844124849107751,0,0,0,0,0,0,0,0,0.0238754561988865,0,0.0255571489830357,0.00911759044024999,0,0,0,0,0.0185579525027028,0.0246102569419542,0.0103383757975892,0,0,0.0223334442622903,0,0,0,0,0.0124251813477412,0.0197964824775678,0.0108976049423806,0,0,0.00596886404972162,0.00689225053172611,0.00689225053172611,0
"05.07.2011.1",0.0373277287628763,0.0232706668046384,0.0561408138873203,0.189998861547397,0.0236596185360109,0.0157944952986694,0.0754257487293349,0.0350581915243985,0,0.0240422786982973,0.0258708183807906,0.0113037741555356,0.0216450795929305,0.0518590980631697,0.0245432133047543,0.0130524741031144,0.0255155957789506,0,0,0.0216450795929305,0,0.0115697817065998,0.0941550461187693,0.00955343282204114,0.0197334859834009,0.0273568683372033,0,0,0,0,0,0,0.0700295515813688,0.0152056721654336,0.0125776787625713,0,0,0,0,0,0.00922949294957399,0,0.012817275125137,0.0468020714119158,0,0,0,0.0250341261808503,0.0265670185599731,0,0,0,0,0,0,0,0,0,0,0,0,0,0.00493337149585022,0,0,0.0104652613164843,0,0,0,0,0.00922949294957399,0.0135105942641508,0,0,0.00348842043882811,0,0,0,0,0.0135105942641508,0,0,0,0.0065262370515572,0,0,0,0,0,0,0.00427242504171233,0,0.00427242504171233,0
"05.07.2011.2",0.0488648605244947,0,0.0618097027215413,0.275267228559362,0,0,0.0605083000718642,0,0,0.0535287727572189,0,0,0,0,0,0,0,0,0,0,0,0,0.0969118847375012,0,0.0282121403777305,0,0,0,0,0,0,0,0,0.0378505582052232,0,0,0,0,0,0,0,0,0,0.0630842636753721,0,0,0,0,0,0,0,0,0,0,0,0,0,0,0,0,0,0,0,0,0,0,0,0,0,0,0,0,0,0,0,0,0,0,0,0,0,0,0,0,0,0,0,0,0,0,0,0,0,0
"19.07.2011.1",0.058580270386649,0.0677155213309888,0.056785261000852,0.128250708530897,0.0312449149784058,0.0692276970638603,0.0335285039550461,0,0,0,0,0,0.0335285039550461,0.0715394223122344,0.0180392600735896,0,0,0,0,0,0,0.0510227325024917,0.0461517980425735,0,0,0,0,0,0,0,0,0,0,0.0455062865588943,0,0,0,0,0,0,0,0,0,0.035249017998068,0,0,0,0.0180392600735896,0.0188413926527141,0,0,0,0,0,0.0188413926527141,0,0,0,0,0,0,0,0,0,0,0,0,0,0,0,0,0.0260847269699407,0,0,0,0.0153839326808578,0,0,0,0,0,0.023708232509653,0,0.0143903513382412,0.0243241333211055,0,0,0,0,0,0,0,0,0
"19.07.2011.2",0.0367734328321714,0.0700949604671126,0.0856293859725974,0.245890587632051,0.0560384432245504,0.0927066596681281,0.0707351103792892,0,0,0,0.020874299856683,0,0.033569397798469,0.0700949604671126,0.0365685653170616,0,0,0,0,0,0,0.0448709555333883,0.0522936086950642,0,0.0238948724778547,0.0357373529754527,0.0282196000050197,0,0,0.0159822301178033,0.02482017545214,0,0.0181812717956842,0.0471567402528595,0.020874299856683,0.0477897449557094,0,0,0,0,0,0,0.0150126910882217,0.0452045731791304,0,0,0,0.0232575610265756,0.00866758124104548,0.0337924527293577,0,0,0,0,0,0,0,0,0,0,0,0.0201416386790814,0.0109637194105011,0,0.0226022865895652,0,0,0,0,0,0,0,0,0,0,0.0102556204297045,0,0.00671387955969379,0.0274092985262526,0,0,0.020874299856683,0,0.0109637194105011,0.0177632556473896,0,0.00548185970525053,0,0,0,0,0,0,0
"09.08.2011.1",0.0335344658391439,0.126852027905448,0.3833130936751,0.122589625347096,0,0.572965836966947,0,0,0,0,0,0.379291372003232,0,0.0149970690410941,0.0685762868897038,0,0,0,0,0,0.0306682478259811,0.0495336887920287,0.0465546408791709,0,0.032607065813763,0,0.0306682478259811,0.0306682478259811,0,0,0,0.023927044863793,0.0406960780617524,0.0156639277492765,0,0,0,0.0289535604228518,0,0,0,0,0,0.0440729226120214,0,0,0,0,0,0,0,0,0,0,0,0,0,0,0,0,0,0.0299941380821881,0,0,0,0,0,0,0,0,0,0,0,0,0,0,0,0,0,0,0,0,0,0,0,0,0,0,0,0,0,0.00783196387463825,0,0
"09.08.2011.2",0,0.0696492413063955,0.37065101815676,0.219465031485394,0,0.560699446293945,0,0,0,0,0,0.368619398597909,0,0.0083098507890356,0.0572716941993311,0,0,0,0,0.00929069562358194,0.0387545640919721,0.0391974877769838,0,0,0.0249295523671068,0,0.0249295523671068,0,0,0.0176278555307264,0,0.0137803285655349,0.014393083769926,0.0117519036871509,0,0,0,0,0,0,0,0,0,0,0,0,0,0,0,0,0,0,0,0,0,0,0,0,0,0,0,0,0,0,0,0.0166197015780712,0.0149807965556614,0,0,0,0,0,0,0,0,0,0,0,0,0,0,0,0,0,0,0,0,0,0,0,0,0.0137803285655349,0,0
"23.08.2011.1",0.0407539707464291,0.142980957810198,0.0352939739714955,0.0520687272926637,0.0139784966439036,0.0545877744413551,0.0398448458830241,0,0.0221019438298775,0.0139784966439036,0,0.0316451676906771,0.0203769853732146,0.0342401841487709,0.129913563851472,0,0,0,0,0,0,0.0580570568949849,0,0,0.0499132166605319,0.0171200920743854,0.0266142647002624,0.0452955060513518,0,0.041052538626177,0,0.0366519274106071,0,0.0221019438298775,0.0345950141869417,0,0,0,0.00856004603719272,0,0,0,0,0,0,0.0252000932017478,0,0,0,0.0331529157448162,0,0,0,0,0,0.0171200920743854,0,0,0,0,0,0.024710724419244,0,0,0,0,0.0270692423534274,0,0,0,0,0,0,0,0,0.0296528693030929,0,0,0,0,0,0,0,0,0.0226477530256759,0,0.00698924832195179,0,0,0,0,0,0,0.00856004603719272
"23.08.2011.2",0.0954153699013235,0.294523362692986,0.0677667322749348,0.185839904441204,0.0359036918522861,0.0932805277011843,0.0283843606655134,0,0.0351477399927494,0.0339822958841648,0.0480582237199612,0.0545984078746148,0,0,0.239114724194628,0.0302174594306328,0,0,0,0,0,0.0520809834038569,0,0,0.101153514600098,0,0.0491631548130288,0.0377273606774832,0.0297697686156433,0.0391251411210349,0,0.0243069142896823,0.0115878667176056,0,0.0264244017214762,0,0,0,0.0126938719891918,0.0243069142896823,0,0,0,0.0248532052922547,0,0.0219864312300557,0,0,0,0.0331826004335544,0,0,0,0,0,0.0355277266034701,0,0.015546754616864,0,0.0259112576947734,0,0.0264244017214762,0,0,0.0248532052922547,0,0,0,0,0,0,0,0,0,0,0,0,0,0,0,0,0,0,0,0.0115878667176056,0,0,0,0,0,0,0,0,0
"12.09.2011.1",0.0514026566740207,0.115679005088207,0.0578395025441033,0.0698541904734379,0.0509864339803439,0.0798197415163321,0.120638262810219,0,0.0709137944803605,0.0672113553666304,0.0563466183731395,0.0484140111056737,0,0.0576550060531754,0.126501213432073,0.0295574287424194,0,0.114009132310354,0.0380652931936621,0.0276965690307483,0,0,0,0,0.0657692276539775,0.0269162269450926,0,0,0.0636284762975778,0,0,0,0.0273091853506721,0,0.019032646596831,0,0,0,0.0463911789818015,0.0273091853506721,0.0273091853506721,0,0.0226141539170347,0,0,0.0412876073975124,0.0295574287424194,0,0,0.0490697612182209,0,0,0,0,0,0.0377843646811987,0,0.0280786087196756,0,0.0239859323782974,0,0.0221380131408782,0,0,0,0,0,0,0,0.0244260779416977,0,0,0,0,0,0.0216514039791432,0,0,0.021153604012329,0,0,0,0,0,0.0113070769585174,0,0,0,0.00652814392574781,0.00799531079276579,0,0,0,0
"12.09.2011.2",0.102093782558823,0.178629952436064,0.113696195791275,0.142961108131292,0.124219601664341,0.122564705365934,0.120887156328656,0,0.0493219828230234,0.0643218022530229,0.0334464877477486,0.0960908236194423,0,0.0386206774092204,0.192181647238885,0.0326404298329001,0,0.0802848419132944,0.030965430623662,0.0337108909748997,0,0.0202089692020478,0,0,0.0867687163001759,0.0226923379618972,0.0531347701429361,0,0.0397534886752526,0,0,0,0.01884496095049,0,0.01632021491645,0,0,0,0.0326404298329001,0.017877899706144,0,0,0,0,0,0.0331799776220392,0,0.0202089692020478,0,0.0473004765866116,0,0,0,0,0,0.0269818778833546,0,0,0,0.0214865613627015,0,0.0300929893949571,0,0.011918599804096,0,0,0,0,0,0.0183677958820381,0,0,0,0,0,0,0,0,0,0,0,0,0,0,0.00842772274372492,0,0.00842772274372492,0,0.00729862199211767,0.00842772274372492,0.0103218102078873,0,0,0
"17.10.2012.1",0,0.0162971962661838,0,0.0391132710388411,0,0.00651887850647352,0.0152881252415688,0,0.0845571669182975,0.0887262232147046,0.0614125411228595,0,0,0.0455155921402811,0.0103072519351865,0.0427471450535937,0,0,0.0203551916123647,0.0278486611872898,0,0,0,0,0,0,0,0,0,0,0,0,0,0,0,0,0,0,0.0079839630180283,0.0156317215189957,0.013037757012947,0,0.0108103370299425,0,0,0,0,0,0,0.0121957049586143,0,0.0211235806224396,0,0,0,0,0,0.0159679260360566,0,0,0,0,0,0.0117520753568052,0,0,0,0,0,0,0,0,0,0,0,0,0,0,0,0,0,0,0,0,0,0,0,0,0,0,0,0,0,0
"17.10.2012.2",0,0,0,0.0623347671382634,0,0,0,0,0.0977988289271593,0.0823099796429894,0.0676981738443153,0,0,0.0478698377992611,0.035988994587149,0.0669582808762424,0,0,0,0,0,0,0,0,0,0,0,0,0,0,0,0,0,0,0,0,0,0,0,0.0386583814883731,0,0,0,0,0,0,0,0,0,0.0244497072317898,0,0,0,0,0,0,0,0,0,0,0,0,0,0,0,0,0,0,0,0,0,0,0,0,0,0,0,0,0,0,0,0,0,0,0,0,0,0,0,0,0,0,0,0
"24.04.2012.1",0,0.0155155349487935,0,0,0,0,0.0210081336320783,0.0623845426908534,0.081610337282357,0.118332446125865,0,0,0,0.0369343607891213,0,0.0358315931172278,0,0.0443393343293408,0,0.0583983520080186,0,0,0,0,0,0,0,0,0,0,0,0,0,0,0,0,0,0,0,0,0,0,0.0316709530923863,0,0.0410502469326388,0,0,0,0,0,0,0,0,0.0405586094736915,0,0,0,0,0.0310310698975869,0,0.0200304694880588,0,0,0,0,0,0,0,0,0,0.0502760794001077,0,0,0,0,0,0,0,0,0,0,0,0.0155155349487935,0,0,0,0,0,0,0,0,0,0,0
"07.06.2012.1",0.0836805570594763,0.0500086979212626,0,0,0,0,0,0.0905455897734298,0.154454277600758,0.077332664432113,0.0717911317439504,0,0,0.0817082322183496,0.0489094714269938,0.0574934567091788,0,0.0484628002313429,0.037014075074942,0.0561539909788536,0,0,0,0,0.0267888207762189,0,0,0,0,0,0,0,0,0.0580580541172155,0,0,0.0500086979212626,0,0.0197848553455374,0,0,0,0,0,0,0,0,0,0,0,0,0,0,0,0,0,0,0.0589870419701624,0,0,0,0,0,0.0316282776501035,0,0,0,0,0,0,0,0.0461646624729207,0,0.0427401724166456,0,0,0.0218729805708683,0.0298599141760297,0,0.0139900053796244,0,0,0.00932667025308296,0.0131899035636916,0,0,0,0,0,0,0,0.0218729805708683,0,0
"07.06.2012.2",0.0408816485993478,0.0438695550203725,0,0,0,0,0,0.0508225578650496,0.0393026062680084,0.0352252815585081,0.0230603598739993,0,0,0,0.0329982311887351,0.0174319935343586,0,0.0293424174642917,0,0,0,0,0,0,0.0219347775101862,0,0,0,0,0,0,0,0,0.0348639870687172,0,0,0,0,0,0,0,0,0.0133139049808632,0,0,0,0,0,0,0,0,0,0,0,0,0,0,0,0,0,0,0,0,0,0,0,0,0,0,0,0,0.0333797263040563,0,0.04930512335098,0,0,0,0.0362875882433877,0,0,0,0,0,0.0112523034416277,0,0,0,0,0,0,0,0.0333797263040563,0,0
"20.07.2012.1",0.062222437442152,0.173255296711954,0.128227075207083,0.235535670346664,0.0427741962901292,0.0786331708301996,0,0.0204099968154605,0,0.0156537529799445,0.0363760347581819,0,0,0.00990030266925454,0.136735330671514,0.0148504540038818,0,0,0,0,0.015390645956074,0.0176177177197375,0.0421005447991255,0,0.0479934978320703,0,0.0399093959528491,0,0,0,0,0.00990030266925454,0.0332066246494136,0,0,0,0,0,0,0,0.012125344919394,0,0,0,0,0,0,0,0,0,0,0,0,0,0,0,0,0,0,0.00990030266925454,0,0,0,0,0,0,0.012125344919394,0,0,0.0217656602447625,0,0,0,0,0,0,0,0,0,0,0,0.0124576076686568,0,0,0.0232182678334467,0,0,0,0,0,0,0,0,0
"20.07.2012.2",0.0574029764435735,0.109509219632241,0.0284241726533453,0.167923990276436,0,0,0.0194988215755805,0,0,0.0112576498855419,0.0199009014357265,0,0,0.0257945163739033,0.128849692292426,0,0,0,0,0,0,0.0371246502378361,0,0,0.0490709581928392,0,0.02640152922086,0,0,0.0105305672129881,0,0.0190882740895593,0.0257945163739033,0.01320076461043,0,0,0,0,0.00689387448061975,0,0,0,0,0,0,0,0,0,0,0,0,0,0,0,0,0,0,0,0,0,0,0,0,0,0,0,0.02640152922086,0,0,0.0112576498855419,0,0,0,0,0,0,0,0.0112576498855419,0,0,0,0,0,0,0,0,0,0,0,0.0112576498855419,0,0.00562882494277093,0,0
"14.08.2012.1",0.0528716035997646,0,0.331097061947613,0.0626791780364345,0.0706144512496886,0.465328565553001,0.0851642325716582,0,0,0,0,0.300724420010366,0,0,0.0589522705455701,0,0,0,0,0,0,0,0,0,0.0173840761780232,0.0368771944504311,0,0,0,0,0,0,0,0,0,0,0,0,0,0,0,0,0,0,0,0,0,0,0,0,0,0,0,0,0,0,0,0,0,0,0,0,0,0,0,0,0,0,0,0,0,0,0,0,0,0,0,0,0,0,0,0,0,0,0,0,0,0,0,0,0,0,0,0
"14.08.2012.2",0.0270937912470152,0.0298758543207329,0.25062589008571,0.0875084083724645,0.0788856226823253,0.348133892610172,0.167540951870406,0,0.0119083860397574,0.0182666303323454,0,0.227050614580599,0.0111859809085731,0.0208271630043108,0.0738048725957781,0.00707463550685012,0.040845427142984,0,0,0,0,0.0442753879624906,0.0464813064516069,0,0.0280022140498144,0.0799360766977431,0,0.0221847454561773,0,0.0253439210387764,0.0141492710137002,0.0273999454985182,0.00707463550685012,0.0100050454826337,0.0163381708571936,0.0383164070376344,0,0.0246768586989892,0.00500252274131685,0,0,0,0.0081690854285968,0.0570375349314904,0,0,0,0.0451152488695478,0,0.017804108922202,0,0,0,0,0.0200100909652674,0.0122536281428952,0,0,0,0,0,0.0227417713631276,0,0,0,0,0.0147270281932257,0,0.017329247107959,0.00957910175940859,0,0,0.0138513582592709,0,0,0,0,0.00500252274131685,0,0,0,0,0,0,0.00913331516617272,0,0,0,0,0.0081690854285968,0,0.00500252274131685,0,0
"17.09.2012.2",0.0643602599722589,0.0596328482668647,0.14350603480073,0,0.0810250854878404,0.186701275192902,0.306309831982597,0,0,0.0353622464226949,0.0250048842434773,0.131572982732293,0,0,0.112521979095648,0,0,0,0,0,0,0,0.0526737249241193,0,0.0279563104689643,0,0,0,0,0,0,0,0,0,0,0.0165391763175496,0,0,0,0,0,0,0,0,0,0,0,0,0,0,0,0,0,0,0,0.018753663182608,0,0,0,0,0,0.034239347869895,0,0,0,0,0,0,0,0,0,0,0,0,0,0,0,0,0,0,0,0,0,0,0.0108274324867703,0,0,0,0,0,0,0,0,0
"23.10.2013.1",0.0774270568815642,0.627592924399004,0,0.0287415321187169,0,0,0.0257072078379779,0,0.0429065103769435,0.0731962482950733,0.0343527014643939,0,0,0.0591026223596655,0.0318573847670445,0,0,0,0,0,0,0,0,0,0.0307259902740565,0,0,0,0,0,0,0,0,0,0,0,0,0,0,0,0,0,0.0137410805857575,0,0,0,0,0,0,0,0,0,0,0,0,0,0,0,0,0,0,0,0,0,0,0,0,0,0,0,0,0,0,0,0,0,0,0,0,0,0,0,0,0,0,0,0,0,0,0,0,0,0.00687054029287877,0
"23.10.2013.2",0.174084034880047,0.45008050957115,0,0,0,0,0.032032084761621,0,0.0544814551634085,0.072641940217878,0.0283934084351739,0,0,0.0851802253055216,0.0270720527241085,0.0290315422342914,0,0,0,0,0,0,0,0,0.0191428320618569,0,0,0,0,0,0,0,0,0,0,0,0,0,0,0,0,0,0,0,0,0,0,0,0,0,0,0,0,0,0,0,0,0,0,0,0,0,0,0,0,0,0,0,0,0,0,0,0,0,0,0,0,0,0,0,0,0,0,0,0,0,0,0,0,0,0,0,0,0
"05.06.2013.1",0,0,0,0,0,0,0,0.0946543731860939,0.0469579181167291,0.0578133689361016,0.0366911250252459,0,0,0.0293054161929022,0.00834464102950436,0.0315923010567731,0,0,0,0.0529955881914265,0,0,0,0,0,0,0,0,0.0308488486568666,0,0,0,0,0.012746649721646,0,0,0.0300870311072186,0,0.0272534834786381,0,0,0,0.0363734469677327,0,0.0186591845898056,0,0,0,0,0,0,0,0,0,0,0,0,0,0.0136267417393191,0,0,0,0,0.021000219398175,0,0,0,0.0107728852457832,0,0,0,0,0,0.021000219398175,0,0,0.0236022090341201,0,0,0.0263880719097261,0.012746649721646,0,0.0136267417393191,0,0,0.0107728852457832,0.012746649721646,0,0,0,0,0,0,0
"05.06.2013.2",0,0.00846900265821286,0,0,0,0,0.0267813379099732,0.0628078047010474,0.0423450132910643,0,0,0,0,0.0305354233362273,0.0154622126515813,0.0129366152473476,0,0,0,0,0,0,0,0,0,0,0,0,0,0,0,0,0,0.0109334354180816,0,0,0,0,0.0349185925034484,0,0,0,0.0224068748863762,0,0.01762963488299,0,0,0,0,0,0,0,0,0,0,0,0,0,0.0280885041658146,0,0,0,0,0,0,0,0,0,0,0,0,0,0,0.0239539568380368,0,0,0,0,0,0.0182951367340015,0.0097791619289737,0,0.00846900265821286,0,0,0.0146687428934606,0,0,0,0,0.00846900265821286,0,0.0119769784190184,0
"03.07.2013.1",0,0.0275422607009458,0,0.0653490828315212,0,0,0.270481890148013,0.0299842155911231,0,0.0205287890604453,0,0,0,0,0.0198326944278643,0,0,0,0,0,0,0,0,0,0.0259670924144621,0,0,0,0,0,0,0,0.012983546207231,0.0106010210865213,0,0,0,0,0,0,0,0,0.0140238327191435,0,0,0,0,0,0,0,0,0,0,0,0,0,0,0,0,0,0,0,0,0.0175798046693184,0,0,0,0,0,0,0,0,0,0,0,0,0,0.0140238327191435,0,0,0,0,0,0,0,0,0.00749605389778079,0,0,0,0,0,0,0
"03.07.2013.2",0,0.0297155056123079,0,0.0326776312929044,0,0,0.271005441493819,0.0169555903061782,0,0.0246127366238548,0.0250264250346999,0,0,0.0119894128845195,0.0146839719413115,0,0,0,0,0,0,0,0,0,0.0241919750787949,0,0.0153673087388597,0,0,0,0,0,0,0.01281722150927,0,0,0,0,0,0,0,0,0,0,0,0,0,0,0,0,0,0,0,0,0,0,0,0,0,0,0,0,0,0,0,0,0,0,0,0,0,0,0,0,0,0,0,0.00906314424517488,0,0.0106274786502803,0,0,0,0,0,0,0,0,0,0,0,0,0.00453157212258744,0
"16.08.2013.1",0,0.105523208082041,0.120059190684861,0.321919269996857,0,0.153222621727919,0.0390598847752588,0,0,0,0.0172054181775594,0.11252031835443,0,0.0228853455584538,0.0344108363551189,0,0,0,0,0,0,0,0,0,0.0457706911169076,0,0,0,0,0,0,0,0,0,0.0208003363113144,0.0190876976784587,0,0,0,0,0,0,0.0126253252894967,0,0,0,0,0,0,0,0,0,0,0,0,0,0,0,0,0,0,0,0,0,0,0,0,0,0,0,0,0,0,0,0,0,0.0106703473857496,0,0,0.00826521554465125,0.0106703473857496,0,0,0,0.0150901499881594,0,0,0,0,0,0,0,0.00826521554465125,0.0126253252894967
"27.08.2013.1",0.0865088348783054,0.133989204648369,0.256129818602889,0.245820118686743,0,0.393914942756057,0.0166928525894929,0,0,0,0.0351287248249933,0.240002521117817,0,0.0627767944271942,0.055003247820554,0,0,0,0,0,0,0,0,0,0.0472145170535114,0,0.0362441991614024,0,0,0,0,0.0109280372222987,0,0,0.0309091568997856,0,0,0,0,0,0,0,0,0,0,0,0,0,0,0,0,0,0,0,0,0,0,0,0,0,0,0,0,0,0,0,0,0,0,0,0,0,0,0,0,0,0,0,0,0,0,0,0,0,0,0,0,0,0,0,0,0,0,0
"17.09.2013.1",0.356326356903769,0.320757700604951,0.2560625579722,0.157829421529653,0.064556909515715,0.356103080763728,0.0211043072784426,0,0.0211043072784426,0.0203366193533769,0.0203366193533769,0.24436512227233,0,0.0369863360727655,0.0779513726944371,0,0,0,0,0,0,0,0,0,0.0970404807166522,0,0.064556909515715,0,0,0,0,0,0,0,0,0,0,0,0,0,0,0,0,0,0,0,0,0,0,0,0,0,0,0,0,0,0,0,0,0,0,0,0,0,0,0,0,0,0,0,0,0,0,0,0,0,0,0,0,0,0,0,0,0,0,0.011280726745876,0,0,0,0,0,0,0,0
"17.09.2013.2",0.37462828384863,0.333166673376408,0.166534932405128,0.158192897261672,0.0498312156505374,0.274938097512808,0.0212481017471309,0,0,0.0179579235964921,0,0.163110941207325,0,0.0188344291627645,0.0657367938572138,0,0,0,0,0,0,0,0,0,0.0770309104588091,0,0.0592883506001153,0,0,0.0188344291627645,0,0,0,0,0,0,0,0,0,0,0,0,0,0,0,0,0,0,0,0,0,0,0,0,0,0,0,0,0,0,0,0,0,0,0,0,0,0,0,0,0,0,0,0,0,0,0,0,0,0,0,0,0,0,0,0.00803102757930078,0.0113575881224395,0,0,0,0,0,0,0
