description,sampleID,Date,Years,Month,Day,month.numeric,week,Period,Mean_temp_t0_t7,Cumul_precip_t1_t7_mm,Site,Bloom,Tot.P_ug,Tot.N_mg,Dissolved.P,Dissolved.N,Microcystin,P_range,N_range,Temp.water,profondeur_secchi_cm,microcystin_ug_L,micro.sum,doli.sum,cyano.sum,micro.relab.sum,doli.relab.sum,cyano.relab.sum,micro.helli.sum,doli.helli.sum,cyano.helli.sum
30.05.2006.2b,FLD0194_30_05_2006_2b,2006-5-30,2006,May,30,5,22,Spring,16.6875,4.2,Littoral,NA,NA,NA,NA,NA,NA,Mesotrophic,Eutrophic,20.2,NA,0.0033,NA,NA,NA,NA,NA,NA,NA,NA,NA
13.06.2006.1c,FLD0195_13_06_2006_1c,2006-6-13,2006,June,13,6,24,Spring,14.8,83.8,Pelagic,no,51.958527,1413.005,34.5288295,1.2993945,0.0033,Mesotrophic,Eutrophic,22.9,NA,0.0012,84,74,23599,0.000676797,0.000596226,0.19013971,0.026015325,0.02441774,1.990191387
13.06.2006.2c,FLD0196_13_06_2006_2c,2006-6-13,2006,June,13,6,24,Spring,14.8,83.8,Littoral,no,58.42204,1597.079,37.796898,1.4146905,0.0012,Mesotrophic,Mesotrophic,22.5,NA,0,10,0,12204,0.00013428,0,0.163875871,0.011587945,0,1.991380974
27.06.2006.1,FLD0197_27_06_2006_1,2006-6-27,2006,June,27,6,26,Summer,19.275,28,Pelagic,no,32.4227405,1021.058,11.3618565,0.9155875,NA,Mesotrophic,Mesotrophic,22.6,NA,0,76,145,3955,0.001480241,0.002824144,0.077030949,0.038473897,0.088668085,1.380887195
27.06.2006.2,FLD0198_27_06_2006_2,2006-6-27,2006,June,27,6,26,Summer,19.275,28,Littoral,no,39.6124915,1133.5565,13.75844,1.025423,NA,Mesotrophic,Mesotrophic,24.7,NA,0.138,0,105,3748,0,0.001918439,0.068479135,0,0.061783502,1.034588474
12.07.2006.1b,FLD0199_12_07_2006_1b,2006-7-12,2006,July,12,7,28,Summer,20.6625,7.8,Pelagic,no,76.1119705,890.2395,23.3830935,0.7574795,0.138,Mesotrophic,Mesotrophic,25.8,NA,0.16,47,133,1364,0.002407664,0.006813176,0.06987347,0.049067948,0.162214294,1.038538016
12.07.2006.2b,FLD0200_12_07_2006_2b,2006-7-12,2006,July,12,7,28,Summer,20.6625,7.8,Littoral,no,51.8749095,924.632,21.357441,0.802102,0.16,NA,NA,NA,NA,0,0,12,52,0,0.009531374,0.041302621,0,0.097628757,0.348991113
25.07.2006.1,FLD0201_25_07_2006_1,2006-7-25,2006,July,25,7,30,Summer,20.9125,19,Pelagic,no,NA,NA,NA,NA,NA,Mesotrophic,Mesotrophic,26.9,NA,0.477,66,976,1067,0.002509029,0.037103212,0.040562631,0.050090206,0.353749886,0.444426134
02.08.2006.1b,FLD0202_02_08_2006_1b,2006-8-02,2006,August,2,8,31,Summer,23.425,89,Pelagic,yes,80.09251,960.016,45.5060465,0.636552,0.477,Eutrophic,Eutrophic,27.8,NA,1.88,3960,28764,33705,0.049914289,0.362559242,0.424838661,0.364509395,1.392620982,2.248053959
02.08.2006.2b,FLD0203_02_08_2006_2b,2006-8-02,2006,August,2,8,31,Summer,23.425,89,Littoral,yes,121.2247495,1425.8495,28.699325,0.556977,1.88,NA,NA,NA,NA,0,9210,37589,51363,0.042875498,0.174988827,0.239111206,0.308117651,1.008274026,2.066939991
26.09.2006.1b,FLD0204_26_09_2006_1b,2006-9-26,2006,September,26,9,39,Fall,13.05,18.2,Pelagic,no,NA,NA,NA,NA,0,Eutrophic,Eutrophic,22.2,NA,4.28,268,1346,4312,0.008284133,0.041606133,0.133287997,0.128685501,0.345427358,1.663074189
15.08.2006.2a,FLD0205_15_08_2006_2a,2006-8-15,2006,August,15,8,33,Summer,16.6,2.8,Littoral,yes,163.5069225,1455.846,32.149126,0.5180285,4.28,Eutrophic,Mesotrophic,22.1,NA,0,10775,17882,29315,0.151895344,0.252082834,0.413254014,0.584014165,0.955093748,1.893448179
22.08.2006.1,FLD0206_22_08_2006_1,2006-8-22,2006,August,22,8,34,Summer,19.5375,20.8,Pelagic,no,97.0761445,973.1345,34.095167,0.6318595,NA,Eutrophic,Mesotrophic,22.9,NA,0,172,103,366,0.003388695,0.002029277,0.007210828,0.0582125,0.060987668,0.201264675
22.08.2006.2,FLD0207_22_08_2006_2,2006-8-22,2006,August,22,8,34,Summer,19.5375,20.8,Littoral,no,97.2530575,843.246,40.9947685,-0.0495495,NA,Mesotrophic,Mesotrophic,20.3,NA,0,986,791,2170,0.010398431,0.008341946,0.022884985,0.164829378,0.150472515,0.576993138
05.09.2006.1,FLD0208_05_09_2006_1,2006-9-05,2006,September,5,9,36,Summer,15.625,16.2,Pelagic,no,46.806232,733.574,20.0555125,0.4684645,NA,Mesotrophic,Mesotrophic,21.5,NA,0,6777,619,9219,0.142748815,0.013038441,0.194186414,0.531875684,0.218226414,1.476888454
05.09.2006.2,FLD0209_05_09_2006_2,2006-9-05,2006,September,5,9,36,Summer,15.625,16.2,Littoral,no,69.370499,736.7605,23.3904825,0.4477295,NA,Mesotrophic,Mesotrophic,18.9,NA,2.74,7174,1152,14915,0.073260148,0.011764105,0.152310442,0.41304258,0.247050126,1.839659693
12.09.2006.1a,FLD0210_12_09_2006_1a,2006-9-12,2006,September,12,9,37,Summer,14.55,4.4,Pelagic,yes,54.114784,632.9985,17.3591535,0.3130345,2.74,Mesotrophic,Mesotrophic,19.2,NA,2.36,3123,23403,31072,0.032913874,0.246648539,0.327473547,0.274921758,0.953781121,2.068870571
12.09.2006.2b,FLD0211_12_09_2006_2b,2006-9-12,2006,September,12,9,37,Summer,14.55,4.4,Littoral,yes,54.540525,610.5105,14.520881,0.303932,2.36,NA,NA,NA,NA,0,212,1251,1919,0.03207747,0.189287336,0.290361628,0.252561695,0.733809063,1.57878277
15.08.2006.1a,FLD0212_15_08_2006_1a,2006-8-15,2006,August,15,8,33,Summer,16.6,2.8,Pelagic,yes,NA,NA,NA,NA,0,NA,NA,NA,NA,0,4325,8311,12850,0.1635408,0.314263027,0.485895788,0.597636545,1.045749487,1.885253637
26.09.2006.2a,FLD0213_26_09_2006_2a,2006-9-26,2006,September,26,9,39,Fall,13.05,18.2,Littoral,NA,NA,NA,NA,NA,NA,Eutrophic,Mesotrophic,9.5,NA,0,NA,NA,NA,NA,NA,NA,NA,NA,NA
10.10.2006.1,FLD0214_10_10_2006_1,2006-10-10,2006,October,10,10,41,Fall,10.1625,17.6,Pelagic,no,NA,NA,NA,NA,NA,Mesotrophic,Mesotrophic,15.06,NA,NA,275,10866,13212,0.002171458,0.085800242,0.104324755,0.065895471,0.305510725,0.940015403
16.10.2006.1b,FLD0215_16_10_2006_1b,2006-10-16,2006,October,16,10,42,Fall,8.9,15.6,Pelagic,NA,NA,NA,NA,NA,NA,Mesotrophic,Mesotrophic,13.5,NA,NA,NA,NA,NA,NA,NA,NA,NA,NA,NA
16.10.2006.2b,FLD0216_16_10_2006_2b,2006-10-16,2006,October,16,10,42,Fall,8.9,15.6,Littoral,no,96.830787,773.2315,42.0521255,0.542282,0,Mesotrophic,Mesotrophic,22,NA,0.0023,10,126,452,0.000193128,0.002433419,0.008729408,0.013897068,0.049329696,0.240295314
09.05.2007.1,FLD0217_09_05_2007_1,2007-5-09,2007,May,9,5,19,Spring,11.425,0,Littoral,no,77.135,767.25,29.665,0.59905,NA,Mesotrophic,Mesotrophic,20.96,NA,NA,0,10,1810,0,0.000180265,0.032627898,0,0.013426266,0.892859808
09.05.2007.2,FLD0218_09_05_2007_2,2007-5-09,2007,May,9,5,19,Spring,11.425,0,Pelagic,no,58.56,789.05,11.285,0.65675,NA,Mesotrophic,Mesotrophic,28.2,NA,0.0072,0,12,1975,0,0.000124481,0.020487552,0,0.01115712,0.685703961
06.07.2007.1,FLD0219_06_07_2007_1,2007-7-06,2007,July,6,7,27,Summer,16.15,17.6,Littoral,no,63.375,1025.3,32.355,0.4888,NA,Mesotrophic,Mesotrophic,26.04,NA,0.0028,0,0,4798,0,0,0.073064506,0,0,0.952383782
06.07.2007.2,FLD0220_06_07_2007_2,2007-7-06,2007,July,6,7,27,Summer,16.15,17.6,Pelagic,no,36.52,601.15,17.44,0.4489,NA,Mesotrophic,Mesotrophic,19.92,NA,0.00217,3,0,3324,6.66E-05,0,0.073740489,0.008157989,0,1.290787901
02.08.2007.1,FLD0221_02_08_2007_1,2007-8-02,2007,August,2,8,31,Summer,22.25,2.8,Littoral,no,46.655,580.8,21.805,0.35985,NA,Mesotrophic,Mesotrophic,20.61,NA,0.0033,22,7,2545,0.000469343,0.000149337,0.054294492,0.021664334,0.012220332,1.18940605
02.08.2007.2,FLD0222_02_08_2007_2,2007-8-02,2007,August,2,8,31,Summer,22.25,2.8,Pelagic,no,43.88,577.3,18.34,0.4217,NA,NA,NA,NA,NA,NA,11,0,3062,0.000195841,0,0.054515026,0.013994322,0,1.293435098
22.08.2007.1,FLD0223_22_08_2007_1,2007-8-22,2007,August,22,8,34,Summer,15.05,22.2,Littoral,no,66.915,552.75,27.085,0.3932,NA,Mesotrophic,Mesotrophic,20.3,NA,0.00044,20,0,2663,0.000385186,0,0.051287483,0.01962615,0,1.390491207
22.08.2007.2,FLD0224_22_08_2007_2,2007-8-22,2007,August,22,8,34,Summer,15.05,22.2,Pelagic,no,49.495,458.25,25.49,0.3647,NA,Mesotrophic,Mesotrophic,20.2,NA,0.002,18,148,2897,0.000385877,0.003172766,0.062104744,0.01964375,0.095919623,1.447033671
05.09.2007.1,FLD0225_05_09_2007_1,2007-9-05,2007,September,5,9,36,Summer,16.0375,9.2,Littoral,no,55.12,490,29.305,0.3454,NA,Mesotrophic,Mesotrophic,18,NA,0.000594,51,2088,12038,0.000490696,0.020089672,0.115823503,0.02215166,0.263574577,2.371230838
05.09.2007.2,FLD0226_05_09_2007_2,2007-9-05,2007,September,5,9,36,Summer,16.0375,9.2,Pelagic,no,50.885,472.85,23.13,0.31455,NA,Mesotrophic,Mesotrophic,17.44,NA,6.00E-04,44,896,4674,0.000831569,0.016933777,0.088335349,0.028836945,0.221942442,1.904543587
19.09.2007.1,FLD0227_19_09_2007_1,2007-9-19,2007,September,19,9,38,Fall,12.7625,18.6,Littoral,no,76.84,522.05,25.21,0.3459,NA,Mesotrophic,Mesotrophic,19,NA,0.000646,12,390,6510,0.000204743,0.006654155,0.111073196,0.014308851,0.114640017,1.925160035
19.09.2007.2,FLD0228_19_09_2007_2,2007-9-19,2007,September,19,9,38,Fall,12.7625,18.6,Pelagic,no,92.47,527.3,21.16,0.32775,NA,Mesotrophic,Mesotrophic,19,NA,5.00E-04,6,949,4646,0.000176548,0.027924084,0.136707371,0.013287155,0.265164633,2.018617369
26.09.2007.1,FLD0229_26_09_2007_1,2007-9-26,2007,September,26,9,39,Fall,18.075,0,Littoral,no,56.78,479.5,18.615,0.34995,NA,Mesotrophic,Mesotrophic,16.12,NA,0.000412,9,1488,5825,0.000163399,0.027015251,0.105755265,0.01278275,0.282941796,1.791135621
26.09.2007.2,FLD0230_26_09_2007_2,2007-9-26,2007,September,26,9,39,Fall,18.075,0,Pelagic,no,44.155,474.15,21.255,0.35705,NA,Eutrophic,Mesotrophic,NA,NA,NA,0,1546,5601,0,0.034415209,0.124682784,0,0.298348742,1.938228352
10.10.2007.1,FLD0231_10_10_2007_1,2007-10-10,2007,October,10,10,41,Fall,13.2,30.2,Littoral,no,59.2,471.1,25.39,0.3128,NA,NA,NA,NA,NA,NA,3,127,9968,5.15E-05,0.002182243,0.171280307,0.007179767,0.064983864,1.449528005
22.05.2008.1,FLD0232_22_05_2008_1,2008-5-22,2008,May,22,5,21,Spring,10.4875,53.4,Littoral,no,128.82,527,NA,NA,NA,NA,NA,NA,NA,NA,0,0,839,0,0,0.011862514,0,0,0.451784386
01.06.2008.1,FLD0233_01_06_2008_1,2008-6-01,2008,June,1,6,22,Spring,13.425,48.6,Littoral,no,NA,NA,NA,NA,NA,Mesotrophic,Mesotrophic,NA,NA,NA,0,0,13837,0,0,0.327495207,0,0,2.246578814
01.06.2008,FLD0234_01_06_2008,2008-6-01,2008,June,1,6,22,Spring,13.425,48.6,Pelagic,no,NA,NA,NA,NA,NA,Mesotrophic,Eutrophic,NA,NA,NA,0,0,46456,0,0,0.356717243,0,0,2.619994127
25.06.2008.a,FLD0236_25_06_2008_a,2008-6-25,2008,June,25,6,26,Summer,16.5375,26.6,Littoral,no,52.13,1470,NA,NA,NA,Mesotrophic,Mesotrophic,NA,NA,NA,0,0,15325,0,0,0.205588796,0,0,1.852425749
25.06.2008.b,FLD0237_25_06_2008_b,2008-6-25,2008,June,25,6,26,Summer,16.5375,26.6,Pelagic,no,35.27,910,NA,NA,NA,Mesotrophic,Mesotrophic,24.47,NA,NA,0,0,21527,0,0,0.182926726,0,0,1.847779886
02.07.2008,FLD0238_02_07_2008,2008-7-02,2008,July,2,7,27,Summer,20.425,21.8,Pelagic,no,23.258,850,NA,NA,NA,Mesotrophic,Mesotrophic,23.28,NA,NA,0,0,47,0,0,0.030012771,0,0,0.368179215
15.07.2008.1,FLD0239_15_07_2008_1,2008-7-15,2008,July,15,7,29,Summer,20.2125,27.4,Littoral,no,81.93,795,NA,NA,NA,Eutrophic,Eutrophic,NA,NA,NA,NA,NA,NA,NA,NA,NA,NA,NA,NA
15.07.2008.2,FLD0240_15_07_2008_2,2008-7-15,2008,July,15,7,29,Summer,20.2125,27.4,Pelagic,no,69.43,541,NA,NA,NA,Eutrophic,Eutrophic,NA,NA,NA,630,2303,3149,0.038712056,0.141514072,0.193498833,0.247869729,0.665755539,1.351301818
04.08.2008.4b,FLD0241_04_08_2008_4b,2008-8-04,2008,August,4,8,31,Summer,20.225,26.8,Pelagic,yes,110.507,1670,47.295,0.654,NA,Eutrophic,Mesotrophic,NA,NA,6390,1338,6423,7783,0.095537308,0.458621921,0.555730096,0.433343569,1.444620848,1.956009503
04.08.2008.2b,FLD0242_04_08_2008_2b,2008-8-04,2008,August,4,8,31,Summer,20.225,26.8,Littoral,yes,190.69,1130,146.77,0.5,6390,Eutrophic,Mesotrophic,NA,NA,NA,6832,17813,25316,0.122257614,0.318760961,0.453026019,0.460963811,1.225928794,2.152439231
18.08.2008.4d,FLD0243_18_08_2008_4d,2008-8-18,2008,August,18,8,33,Summer,18.2125,21,Pelagic,yes,268.72,720,22.66,0.69,NA,Eutrophic,Mesotrophic,NA,NA,NA,7611,8702,24169,0.079392896,0.090773484,0.252114953,0.393163637,0.80407084,3.07266969
24.08.2008.2,FLD0244_24_08_2008_2,2008-8-24,2008,August,24,8,34,Summer,18.65,27.8,Pelagic,NA,NA,NA,NA,NA,NA,NA,NA,NA,NA,NA,NA,NA,NA,NA,NA,NA,NA,NA,NA
29.08.2008.1,FLD0245_29_08_2008_1,2008-8-29,2008,August,29,8,35,Summer,18.6,5,Littoral,no,NA,NA,NA,NA,NA,NA,NA,NA,NA,NA,538,181,1315,0.012281703,0.004131948,0.030019404,0.156570836,0.110934393,0.776991582
29.08.2008.2,FLD0246_29_08_2008_2,2008-8-29,2008,August,29,8,35,Summer,18.6,5,Pelagic,no,NA,NA,NA,NA,NA,Mesotrophic,Mesotrophic,NA,NA,16,459,193,1091,0.011999686,0.00504562,0.02852213,0.154791221,0.123026184,0.716191121
03.09.2008.2b,FLD0248_03_09_2008_2b,2008-9-03,2008,September,3,9,36,Summer,18.7875,0.2,Littoral,no,47.64,560,17.28,0.38,NA,Mesotrophic,Mesotrophic,18.16,NA,0.4,3015,688,7744,0.048741452,0.011122428,0.125191975,0.311493028,0.231977189,1.790850503
17.09.2008.1d,FLD0249_17_09_2008_1d,2008-9-17,2008,September,17,9,38,Fall,15.425,19.2,Littoral,no,80.4,NA,32.82,NA,0,NA,NA,NA,NA,0.3,16696,3678,24894,0.086211615,0.018991754,0.128542881,0.43700676,0.366101197,1.652681588
17.09.2008.3b,FLD0250_17_09_2008_3b,2008-9-17,2008,September,17,9,38,Fall,15.425,19.2,Pelagic,no,71.16,720,30.59,0.539,0.4,NA,NA,NA,NA,NA,1568,382,4844,0.018480106,0.004502169,0.057090326,0.188426213,0.165347364,1.158436766
07.10.2008.5b,FLD0251_07_10_2008_5b,2008-10-07,2008,October,7,10,41,Fall,8.65,15.4,Pelagic,no,NA,440,NA,0.32,0.3,Mesotrophic,Eutrophic,NA,NA,NA,700,1607,7937,0.009716689,0.022306742,0.110173374,0.138226767,0.341695712,2.169721568
07.10.2008.6b,FLD0252_07_10_2008_6b,2008-10-07,2008,October,7,10,41,Fall,8.65,15.4,Pelagic,no,NA,440,NA,0.32,NA,Mesotrophic,Eutrophic,NA,NA,NA,855,1203,6190,0.017318209,0.024367025,0.125379785,0.180289414,0.31077047,2.040492697
27.10.2008.1,FLD0253_27_10_2008_1,2008-10-27,2008,October,27,10,43,Fall,6.15,42.6,Littoral,no,37.975,NA,31.44,NA,NA,Mesotrophic,Mesotrophic,15,170.25,NA,48,7,1324,0.001367911,0.000199487,0.037731547,0.036985282,0.014123988,0.627466792
27.10.2008.2,FLD0254_27_10_2008_2,2008-10-27,2008,October,27,10,43,Fall,6.15,42.6,Pelagic,no,46.115,NA,27.033,NA,NA,Mesotrophic,Mesotrophic,14,160.25,NA,183,15,5215,0.005994301,0.000491336,0.170821186,0.107806264,0.022166103,1.841162351
20.05.2009.1,FLD0255_20_05_2009_1,2009-5-20,2009,May,20,5,20,Spring,11.9,23.6,Littoral,no,63.091,953,43.944,0.821,NA,NA,NA,NA,NA,NA,63,6,8150,0.000817248,7.78E-05,0.105723329,0.028587547,0.008822308,1.430031901
20.05.2009.2,FLD0256_20_05_2009_2,2009-5-20,2009,May,20,5,20,Spring,11.9,23.6,Pelagic,no,64.177,787,59.02,0.639,NA,NA,NA,NA,NA,NA,1754,570,18386,0.015653586,0.005086969,0.164085997,0.162168262,0.130466952,2.683591643
17.06.2009.1,FLD0257_17_06_2009_1,2009-6-17,2009,June,17,6,24,Summer,17.5625,17.6,Littoral,NA,NA,NA,NA,NA,NA,Mesotrophic,Eutrophic,NA,NA,NA,NA,NA,NA,NA,NA,NA,NA,NA,NA
17.06.2009.2,FLD0258_17_06_2009_2,2009-6-17,2009,June,17,6,24,Summer,17.5625,17.6,Pelagic,NA,NA,NA,NA,NA,NA,Mesotrophic,Eutrophic,NA,NA,NA,NA,NA,NA,NA,NA,NA,NA,NA,NA
08.07.2009.1,FLD0259_08_07_2009_1,2009-7-08,2009,July,8,7,27,Summer,17.675,26.6,Littoral,no,56.65,NA,NA,NA,NA,NA,NA,22.3,97.75,NA,55,0,6844,0.000500314,0,0.062257234,0.022367696,0,0.832021923
08.07.2009.2,FLD0260_08_07_2009_2,2009-7-08,2009,July,8,7,27,Summer,17.675,26.6,Pelagic,yes,58.26,NA,29.85,NA,NA,NA,NA,22,157.75,1.7,19455,5521,33142,0.205048482,0.058189292,0.349304385,0.663680724,0.344619968,2.322790516
12.07.2009.1b,FLD0261_12_07_2009_1b,2009-7-12,2009,July,12,7,28,Summer,17.2125,25.6,Littoral,no,NA,924,NA,0.664,NA,Mesotrophic,Mesotrophic,NA,NA,NA,383,37,625,0.150196078,0.014509804,0.245098039,0.50471437,0.120456648,1.143728283
12.07.2009.2b,FLD0262_12_07_2009_2b,2009-7-12,2009,July,12,7,28,Summer,17.2125,25.6,Pelagic,no,NA,NA,5.412,0.601,1.7,NA,NA,NA,175.25,124,10741,4376,31013,0.088164559,0.035919198,0.254561722,0.410884813,0.26718952,1.965167848
25.07.2009.b,FLD0263_25_07_2009_b,2009-7-25,2009,July,25,7,30,Summer,19.5625,17.6,Littoral,yes,64.006,719,29.563,0.488,NA,Mesotrophic,Eutrophic,NA,NA,1.14,6869,275,7713,0.564142576,0.022585414,0.633459264,1.153952456,0.288354573,1.797043377
25.07.2009.p2,FLD0264_25_07_2009_p2,2009-7-25,2009,July,25,7,30,Summer,19.5625,17.6,Pelagic,yes,NA,NA,9.377,0.781,124,Eutrophic,Eutrophic,25,NA,NA,30520,36271,69869,0.274571544,0.326310108,0.628572714,0.855885454,1.205796465,2.495084678
29.07.2009.1,FLD0265_29_07_2009_1,2009-7-29,2009,July,29,7,30,Summer,21.575,40,Littoral,NA,NA,NA,NA,NA,NA,NA,NA,24.05,NA,0.623,NA,NA,NA,NA,NA,NA,NA,NA,NA
08.08.2009.p2,FLD0266_08_08_2009_p2,2009-8-08,2009,August,8,8,32,Summer,18.9,31.8,Pelagic,no,NA,NA,9.436,0.376,0.623,NA,NA,26.5,NA,NA,7090,2171,13870,0.076201326,0.023333298,0.14907086,0.446119016,0.360080061,1.862484902
22.08.2009.1,FLD0267_22_08_2009_1,2009-8-22,2009,August,22,8,34,Summer,22.95,19.4,Littoral,no,NA,NA,NA,NA,NA,NA,NA,25.79,107.75,NA,207,82,669,0.05221998,0.020686176,0.16876892,0.318792931,0.259158428,1.527016248
22.08.2009.p1,FLD0268_22_08_2009_p1,2009-8-22,2009,August,22,8,34,Summer,22.95,19.4,Pelagic,no,NA,NA,NA,NA,NA,Mesotrophic,Eutrophic,NA,NA,0.06,442,321,9323,0.007452243,0.00541215,0.15718838,0.118514242,0.115017955,2.115691753
02.09.2009.1,FLD0269_02_09_2009_1,2009-9-02,2009,September,2,9,35,Summer,14.475,19,Littoral,no,58.47,NA,NA,NA,NA,Mesotrophic,Eutrophic,NA,NA,0.135,202,1124,8000,0.003447452,0.019182851,0.136532751,0.097036461,0.225488038,1.974424838
02.09.2009.2,FLD0270_02_09_2009_2,2009-9-02,2009,September,2,9,35,Summer,14.475,19,Pelagic,no,58.68,NA,NA,NA,0.135,NA,NA,NA,NA,NA,103,265,2425,0.006770525,0.017419312,0.159403142,0.082283201,0.275073556,2.062842089
16.09.2009.1,FLD0271_16_09_2009_1,2009-9-16,2009,September,16,9,37,Fall,14.9,5.6,Littoral,yes,NA,NA,NA,NA,NA,NA,NA,NA,NA,NA,58,4183,14776,0.000831768,0.059987667,0.211900016,0.040017211,0.367286943,2.425177334
16.09.2009.2,FLD0272_16_09_2009_2,2009-9-16,2009,September,16,9,37,Fall,14.9,5.6,Pelagic,yes,NA,NA,NA,NA,NA,Mesotrophic,Eutrophic,NA,105.25,0.0507,55,4857,8322,0.001686858,0.148964883,0.255236927,0.041071375,0.757609324,2.385059281
23.09.2009.1,FLD0273_23_09_2009_1,2009-9-23,2009,September,23,9,38,Fall,13.625,24.4,Littoral,no,38.51,NA,18.39,NA,0.0507,Mesotrophic,Eutrophic,17.45,134.25,0.0214,28,2888,4970,0.000937521,0.096698587,0.166409965,0.030618964,0.622295286,1.930410937
23.09.2009.2,FLD0274_23_09_2009_2,2009-9-23,2009,September,23,9,38,Fall,13.625,24.4,Pelagic,no,44.94,NA,23.59,NA,0.0214,Mesotrophic,Eutrophic,NA,NA,1.00E-04,0,261,2090,0,0.006731141,0.053900709,0,0.133057797,1.21126664
15.10.2009.1,FLD0275_15_10_2009_1,2009-10-15,2009,October,15,10,42,Fall,5.025,14,Littoral,no,33.98,NA,NA,NA,1.00E-04,Mesotrophic,Eutrophic,NA,NA,NA,35,10,4558,0.000452483,0.000129281,0.058926194,0.021271644,0.011370172,1.230602335
15.10.2009.p2,FLD0276_15_10_2009_p2,2009-10-15,2009,October,15,10,42,Fall,5.025,14,Pelagic,no,38.86,NA,NA,NA,NA,NA,NA,15.6,242.75,NA,32,81,10581,0.000452297,0.001144876,0.14955477,0.021267271,0.04744056,2.096980657
05.05.2010.1,FLD0277_05_05_2010_1,2010-5-05,2010,May,5,5,18,Spring,12.45,42.2,Littoral,no,NA,836,NA,0.59,NA,NA,NA,13.4,110.75,NA,0,0,268,0,0,0.00646375,0,0,0.248982597
05.05.2010.2,FLD0278_05_05_2010_2,2010-5-05,2010,May,5,5,18,Spring,12.45,42.2,Pelagic,no,NA,742,NA,0.596,NA,NA,NA,18.6,197.75,NA,4,0,1324,8.98E-05,0,0.029736771,0.009478354,0,0.774628971
16.06.2010.1,FLD0279_16_06_2010_1,2010-6-16,2010,June,16,6,24,Summer,14.6625,17.2,Littoral,no,NA,408,NA,0.471,NA,NA,NA,18.7,77.75,NA,0,0,307,0,0,0.017995311,0,0,0.277531362
16.06.2010.2,FLD0280_16_06_2010_2,2010-6-16,2010,June,16,6,24,Summer,14.6625,17.2,Pelagic,no,NA,256,NA,0.362,NA,NA,NA,NA,NA,0.38,7,2,670,0.000308928,8.83E-05,0.029568825,0.017576348,0.009394953,0.450771292
05.07.2010.1,FLD0281_05_07_2010_1,2010-7-05,2010,July,5,7,27,Summer,19.575,18.2,Littoral,no,NA,447,NA,0.382,NA,Mesotrophic,Mesotrophic,28.6,167.75,0.993,92,15,627,0.003266234,0.000532538,0.022260092,0.057150971,0.023076787,0.549958908
12.07.2010.1,FLD0282_12_07_2010_1,2010-7-12,2010,July,12,7,28,Summer,25.2375,29.8,Littoral,no,19.701,439,9.413,0.3,NA,Mesotrophic,Mesotrophic,27.4,287.75,0.06,804,0,4403,0.021465759,0,0.117554399,0.241412139,0,2.114770107
12.07.2010.2,FLD0283_12_07_2010_2,2010-7-12,2010,July,12,7,28,Summer,25.2375,29.8,Pelagic,no,27.861,316,13.366,0.279,NA,Eutrophic,Mesotrophic,24.2,117.75,2300,89,0,2033,0.002556002,0,0.058385985,0.050556921,0,0.887240047
26.07.2010.1,FLD0284_26_07_2010_1,2010-7-26,2010,July,26,7,30,Summer,20.35,30.6,Littoral,yes,111.861,1180,28.972,0.489,NA,NA,NA,24.64,NA,0.153,14787,396,18171,0.225332582,0.00603447,0.276899867,0.744280762,0.089039202,1.625341464
10.08.2010.1,FLD0285_10_08_2010_1,2010-8-10,2010,August,10,8,32,Summer,19.9625,103.2,Littoral,yes,NA,NA,NA,NA,NA,NA,NA,22.9,NA,0.516,100,1290,8282,0.003016955,0.038918723,0.249864237,0.077486761,0.445698975,2.375733827
10.08.2010.2,FLD0286_10_08_2010_2,2010-8-10,2010,August,10,8,32,Summer,19.9625,103.2,Pelagic,no,NA,NA,NA,NA,NA,NA,NA,NA,NA,0.378,527,1090,13652,0.010178854,0.021053038,0.263684475,0.173453651,0.242244808,2.224244441
22.08.2010.1,FLD0289_22_08_2010_1,2010-8-22,2010,August,22,8,34,Summer,19.37,23,Littoral,yes,NA,748,NA,0.401,NA,Mesotrophic,Mesotrophic,16.42,198.25,0.02,19,101,13488,0.000505346,0.002686313,0.358742486,0.022479903,0.073297302,1.01396695
16.09.2010.1,FLD0290_16_09_2010_1,2010-9-16,2010,September,16,9,37,Fall,13.725,37.4,Littoral,no,43.482,445,2.211,0.388,NA,Mesotrophic,Mesotrophic,16.2,162.75,0.06,10,211,675,0.000414748,0.008751192,0.027995521,0.020365374,0.144880693,0.464210033
16.09.2010.2,FLD0291_16_09_2010_2,2010-9-16,2010,September,16,9,37,Fall,13.725,37.4,Pelagic,no,50.83,420,26.108,0.306,NA,NA,NA,8.98,62.75,0,22,468,4410,0.000553125,0.011766481,0.110876452,0.023518613,0.234638531,1.23877655
19.10.2010.1,FLD0292_19_10_2010_1,2010-10-19,2010,October,19,10,42,Fall,6.4375,55.6,Littoral,no,NA,1148,NA,0.976,NA,NA,NA,8.5,72.75,0.01,7,64,569,0.000133777,0.001223101,0.010874135,0.011566188,0.048381038,0.342812137
19.10.2010.2,FLD0293_19_10_2010_2,2010-10-19,2010,October,19,10,42,Fall,6.4375,55.6,Pelagic,no,NA,1054,NA,0.938,NA,Mesotrophic,Mesotrophic,9,NA,0,0,42,497,0,0.001882226,0.022273012,0,0.060912424,0.475754003
15.05.2011.1,FLD0294_15_05_2011_1,2011-5-15,2011,May,15,5,20,Spring,13.05,44.4,Littoral,no,64.338,655,36.815,0.575,NA,Oligotrophic,Mesotrophic,20.5,125.25,0,0,0,1558,0,0,0.036859164,0,0,1.086800989
15.05.2011.2,FLD0295_15_05_2011_2,2011-5-15,2011,May,15,5,20,Spring,13.05,44.4,Littoral,NA,NA,NA,NA,NA,NA,Mesotrophic,Mesotrophic,24,97.75,0.0904,NA,NA,NA,NA,NA,NA,NA,NA,NA
21.06.2011.1,FLD0297_21_06_2011_1,2011-6-21,2011,June,21,6,25,Summer,17.95,4.2,Littoral,no,37.607,955,18.149,0.526,0.0904,Oligotrophic,Mesotrophic,25.37,170.25,0.17,325,1298,8827,0.003859628,0.015414762,0.104827504,0.102649986,0.261408476,1.778071157
21.06.2011.2,FLD0298_21_06_2011_2,2011-6-21,2011,June,21,6,25,Summer,17.95,4.2,Pelagic,no,19.743,723,3.472,0.53,0.178,Mesotrophic,Mesotrophic,23.1,152.75,0.374,63,499,6457,0.000992548,0.00786161,0.101728294,0.03150473,0.176692286,1.720921051
05.07.2011.1,FLD0299_05_07_2011_1,2011-7-05,2011,July,5,7,27,Summer,20.1375,39.8,Littoral,no,16.954,583,16.621,0.449,0.17,Mesotrophic,Mesotrophic,27.03,NA,0.81,318,11893,15786,0.001934883,0.072363417,0.096050526,0.060598396,0.736937025,1.438069794
05.07.2011.2,FLD0300_05_07_2011_2,2011-7-05,2011,July,5,7,27,Summer,20.1375,39.8,Pelagic,no,31.697,600,15.825,0.46,0.374,Mesotrophic,Mesotrophic,25.25,135.25,0.71,15,670,740,0.002387775,0.106653932,0.11779688,0.048864861,0.614076959,0.843041591
19.07.2011.1,FLD0301_19_07_2011_1,2011-7-19,2011,July,19,7,29,Summer,20.8,4,Littoral,no,57.995,838,39.201,0.533,NA,Eutrophic,Eutrophic,27.1,66.5,8.35,271,1091,1960,0.00801704,0.032275242,0.057983019,0.126295792,0.460722403,1.072132231
19.07.2011.2,FLD0302_19_07_2011_2,2011-7-19,2011,July,19,7,29,Summer,20.8,4,Pelagic,no,42.123,681,14.563,0.462,NA,Eutrophic,Eutrophic,26.72,NA,18.5,470,6085,8757,0.007061935,0.091429516,0.131577366,0.135087993,0.71017587,1.785521961
09.08.2011.1,FLD0303_09_08_2011_1,2011-8-09,2011,August,9,8,32,Summer,20.5625,22.6,Littoral,yes,337.647,8612,22.798,0.458,NA,Eutrophic,Mesotrophic,22.2,80.75,1.82,888,31304,32824,0.018156539,0.640058886,0.671137646,0.191054742,1.609449877,2.131902538
09.08.2011.2,FLD0304_09_08_2011_2,2011-8-09,2011,August,9,8,32,Summer,20.5625,22.6,Pelagic,yes,451.474,13422,46.44,1.011,NA,Eutrophic,Mesotrophic,NA,93.25,3.63,317,36933,37667,0.005472499,0.637589338,0.650260677,0.094578794,1.57480916,1.920846519
23.08.2011.1,FLD0305_23_08_2011_1,2011-8-23,2011,August,23,8,34,Summer,19.1875,55.6,Littoral,no,211.889,867,39.883,0.441,NA,Mesotrophic,Mesotrophic,20.2,90.25,1.1,934,358,3010,0.02281276,0.008744077,0.073518636,0.210349193,0.212284865,1.279179319
23.08.2011.2,FLD0306_23_08_2011_2,2011-8-23,2011,August,23,8,34,Summer,19.1875,55.6,Pelagic,yes,159.915,923,45.155,0.335,NA,Mesotrophic,Mesotrophic,NA,80.25,3.25,3659,1989,9350,0.09826512,0.053416049,0.251101085,0.439101887,0.488666871,2.052850743
12.09.2011.1,FLD0307_12_09_2011_1,2011-9-12,2011,September,12,9,37,Summer,16.35,72.4,Littoral,no,31.164,1271,11.091,0.957,NA,Eutrophic,Mesotrophic,14.8,92.75,0.335,752,940,5987,0.016023865,0.020029832,0.127572981,0.167081662,0.329051893,2.090874285
12.09.2011.2,FLD0308_12_09_2011_2,2011-9-12,2011,September,12,9,37,Summer,16.35,72.4,Pelagic,no,59.618,1070,26.568,0.716,NA,Eutrophic,Mesotrophic,14.2,90.25,3.46,2618,4210,11988,0.046486851,0.074755402,0.212866452,0.370351615,0.657892865,2.314853041
12.10.2011.1,FLD0309_12_10_2011_1,2011-10-12,2011,October,12,10,41,Fall,11.6625,0,Littoral,no,114.903,863,52.792,0.605,NA,Mesotrophic,Mesotrophic,NA,89,0,167,37,2768,0.004664283,0.001033404,0.077309798,0.091984229,0.044945331,0.998679092
12.10.2011.2,FLD0310_12_10_2011_2,2011-10-12,2011,October,12,10,41,Fall,11.6625,0,Pelagic,no,183.097,1211,42.586,0.606,NA,Mesotrophic,Mesotrophic,22.5,144,0.574,2226,115,6629,0.073586777,0.003801653,0.219140496,0.371043561,0.08102042,1.472758193
24.04.2012.1,FLD0311_24_04_2012_1,2012-4-24,2012,April,24,4,17,Spring,8.375,35.4,Littoral,no,34.068,567,0.79,0.518,NA,Mesotrophic,Mesotrophic,NA,237.75,0.795,6,0,1294,0.000240732,0,0.05191783,0.015515535,0,1.071173055
07.06.2012.1,FLD0312_07_06_2012_1,2012-6-07,2012,June,7,6,23,Spring,14.0375,14.4,Littoral,no,49.33,892,34.315,0.727,NA,Eutrophic,Mesotrophic,25.9,74,8.94,437,0,4651,0.009503305,0,0.101143876,0.133689255,0,1.576987582
07.06.2012.2,FLD0313_07_06_2012_2,2012-6-07,2012,June,7,6,23,Spring,14.0375,14.4,Pelagic,no,42.554,644,28.8,0.586,NA,Mesotrophic,Mesotrophic,25,140.25,1.67,142,0,1291,0.003595847,0,0.032691821,0.084751204,0,0.745557878
20.07.2012.1,FLD0314_20_07_2012_1,2012-7-20,2012,July,20,7,29,Summer,21.0625,37.4,Littoral,no,139.226,1041,62.419,0.376,8.94,Eutrophic,Mesotrophic,25.8,62.75,4.44,4571,10389,19736,0.037335925,0.084857346,0.161203636,0.318446808,0.671752024,1.631813877
20.07.2012.2,FLD0315_20_07_2012_2,2012-7-20,2012,July,20,7,29,Summer,21.0625,37.4,Pelagic,no,85.94,452,56.307,0.285,1.67,Mesotrophic,Mesotrophic,24.5,92.75,1.56,1009,2297,4897,0.015984412,0.036388695,0.077577467,0.193313725,0.317334883,1.001330609
14.08.2012.1,FLD0316_14_08_2012_1,2012-8-14,2012,August,14,8,33,Summer,21.8875,36,Littoral,yes,100.024,994,13.976,0.304,4.44,Mesotrophic,Mesotrophic,18,65.25,81.9,37,5632,5841,0.002795406,0.425506195,0.441296464,0.052871604,1.230443677,1.50627785
14.08.2012.2,FLD0317_14_08_2012_2,2012-8-14,2012,August,14,8,33,Summer,21.8875,36,Pelagic,yes,91.021,622,14.103,0.25,1.56,Mesotrophic,Mesotrophic,9.5,176.5,0.00541,195,30861,37487,0.00162664,0.25743458,0.31270698,0.056969646,1.179111024,2.170053259
17.09.2012.1,FLD0318_17_09_2012_1,2012-9-17,2012,September,17,9,38,Fall,14.825,6,Littoral,no,65.737,545,36.861,0.344,NA,Mesotrophic,Mesotrophic,9.4,120.25,0.0197,NA,NA,NA,NA,NA,NA,NA,NA,NA
17.09.2012.2,FLD0319_17_09_2012_2,2012-9-17,2012,September,17,9,38,Fall,14.825,6,Pelagic,no,74.969,635,37.416,0.363,81.9,Mesotrophic,Eutrophic,24.1,85.25,0.01,197,2131,5187,0.00769832,0.083274717,0.202696366,0.123993108,0.629718451,1.38012743
17.10.2012.1,FLD0320_17_10_2012_1,2012-10-17,2012,October,17,10,42,Fall,7.8,24,Littoral,no,54.588,830,34.225,0.763,0.00541,Mesotrophic,Eutrophic,22.9,210.25,0.07,25,148,2854,0.000265599,0.001572344,0.030320737,0.016297196,0.04563215,0.720100499
17.10.2012.2,FLD0321_17_10_2012_2,2012-10-17,2012,October,17,10,42,Fall,7.8,24,Pelagic,no,83.618,1129,35.563,1.081,0.0197,Mesotrophic,Mesotrophic,25.7,190.25,0.13,0,39,372,0,0.003885623,0.037062867,0,0.062334767,0.569808165
05.06.2013.1,FLD0323_05_06_2013_1,2013-6-05,2013,June,5,6,23,Spring,18.7375,2.8,Littoral,no,48.897,1996,30.864,1.942,NA,Mesotrophic,Mesotrophic,26.2,237.75,0.02,0,0,1328,0,0,0.030824223,0,0,0.804097777
05.06.2013.2,FLD0324_05_06_2013_2,2013-6-05,2013,June,5,6,23,Spring,18.7375,2.8,Pelagic,no,45.035,1506,31.663,1.504,NA,Mesotrophic,Mesotrophic,21,70.25,0.2,3,0,545,7.17E-05,0,0.013029861,0.008469003,0,0.46072909
03.07.2013.1,FLD0325_03_07_2013_1,2013-7-03,2013,July,3,7,27,Summer,20.27,18.4,Littoral,no,30.088,971,19.038,0.9,NA,Mesotrophic,Mesotrophic,20.5,187.25,0.05,27,152,2932,0.000758576,0.004270503,0.082375748,0.027542261,0.065349083,0.589999084
03.07.2013.2,FLD0326_03_07_2013_2,2013-7-03,2013,July,3,7,27,Summer,20.27,18.4,Pelagic,no,29.595,1051,19.53,1.025,NA,Eutrophic,Eutrophic,23.2,90.25,1.37,109,213,7840,0.001119165,0.002186993,0.080497772,0.045082814,0.066131562,0.60491604
16.08.2013.1,FLD0327_16_08_2013_1,2013-8-16,2013,August,16,8,33,Summer,17.1875,32.8,Littoral,yes,90.795,1166,21.579,0.581,NA,Mesotrophic,Mesotrophic,24.6,142.75,0.8,489,6890,7716,0.011135147,0.156894,0.175703063,0.105523208,0.759776951,1.178636572
16.08.2013.2,FLD0328_16_08_2013_2,2013-8-16,2013,August,16,8,33,Summer,17.1875,32.8,Pelagic,no,40.149,464,22.929,0.36,NA,Eutrophic,Eutrophic,16.8,130.25,11.7,421,1419,3783,0.009813749,0.033077694,0.088183874,0.127768162,0.297550013,1.297517235
27.08.2013.1,FLD0329_27_08_2013_1,2013-8-27,2013,August,27,8,35,Summer,19.075,13,Littoral,yes,148.474,1693,20.866,0.509,NA,Eutrophic,Eutrophic,17,137.75,7.24,745,8511,9556,0.029656463,0.338800207,0.38039887,0.310648966,1.135867401,1.723015108
17.09.2013.1,FLD0330_17_09_2013_1,2013-9-17,2013,September,17,9,38,Fall,14.475,96.4,Littoral,yes,194.865,2186,32.565,0.634,NA,Mesotrophic,Mesotrophic,11,90.25,0.1,7356,8838,16787,0.23402157,0.281169472,0.534056565,0.741640967,1.078917092,2.139311064
17.09.2013.2,FLD0331_17_09_2013_2,2013-9-17,2013,September,17,9,38,Fall,14.475,96.4,Pelagic,yes,153.644,1409,65.148,0.53,NA,Mesotrophic,Mesotrophic,11.2,160.25,0.12,7903,4882,13163,0.254861492,0.157438163,0.424489664,0.767083308,0.812608084,1.834784651
23.10.2013.1,FLD0332_23_10_2013_1,2013-10-23,2013,October,23,10,43,Fall,10.675,16.6,Littoral,yes,92.716,769,38.356,0.454,NA,,,NA,NA,NA,16942,35,17641,0.399867828,0.000826076,0.416365739,0.705019981,0.028741532,1.125499728
23.10.2013.2,FLD0333_23_10_2013_2,2013-10-23,2013,October,23,10,43,Fall,10.675,16.6,Pelagic,yes,73.558,537,45.396,0.443,NA,,,NA,NA,NA,6355,0,6887,0.232877716,0,0.252372751,0.624164545,0,0.986968059
19.03.2015.p1,FLD0334_19_03_2015_p1,2015-3-19,2015,March,19,3,12,Spring,-4.95,15.8,Pelagic,NA,NA,NA,NA,NA,NA,,,NA,NA,NA,NA,NA,NA,NA,NA,NA,NA,NA,NA
19.03.2015.p2,FLD0335_19_03_2015_p2,2015-3-19,2015,March,19,3,12,Spring,-4.95,15.8,Pelagic,NA,NA,NA,NA,NA,NA,,,NA,NA,NA,NA,NA,NA,NA,NA,NA,NA,NA,NA
19.03.2015.L1,FLD0336_19_03_2015_L1,2015-3-19,2015,March,19,3,12,Spring,-4.95,15.8,Littoral,NA,NA,NA,NA,NA,NA,,,NA,NA,NA,NA,NA,NA,NA,NA,NA,NA,NA,NA
19.03.2015.L2,FLD0337_19_03_2015_L2,2015-3-19,2015,March,19,3,12,Spring,-4.95,15.8,Littoral,NA,NA,NA,NA,NA,NA,,,NA,NA,NA,NA,NA,NA,NA,NA,NA,NA,NA,NA
30.06.2015.p1,FLD0338_30_06_2015_p1,2015-6-30,2015,June,30,6,26,Summer,16.95,16.5,Pelagic,NA,NA,NA,NA,NA,NA,,,NA,NA,NA,NA,NA,NA,NA,NA,NA,NA,NA,NA
30.06.2015.L2,FLD0339_30_06_2015_L2,2015-6-30,2015,June,30,6,26,Summer,16.95,16.5,Littoral,NA,NA,NA,NA,NA,NA,,,NA,NA,NA,NA,NA,NA,NA,NA,NA,NA,NA,NA
16.07.2015.p1,FLD0340_16_07_2015_p1,2015-7-16,2015,July,16,7,29,Summer,19.2375,12.2,Pelagic,NA,NA,NA,NA,NA,NA,,,NA,NA,NA,NA,NA,NA,NA,NA,NA,NA,NA,NA
16.07.2015.L1,FLD0341_16_07_2015_L1,2015-7-16,2015,July,16,7,29,Summer,19.2375,12.2,Littoral,NA,NA,NA,NA,NA,NA,,,NA,NA,NA,NA,NA,NA,NA,NA,NA,NA,NA,NA
28.07.2015.1,FLD0342_28_07_2015_1,2015-7-28,2015,July,28,7,30,Summer,20.0625,26.9,Littoral,NA,45.8952,1083.530527,16.2,679,NA,,,NA,NA,NA,NA,NA,NA,NA,NA,NA,NA,NA,NA
30.07.2015.1,FLD0344_30_07_2015_1,2015-7-30,2015,July,30,7,31,Summer,21.1625,35.2,Littoral,NA,60.5997,1227.408096,13.4,528,NA,,,NA,NA,NA,NA,NA,NA,NA,NA,NA,NA,NA,NA
04.08.2015.1,FLD0347_04_08_2015_1,2015-8-04,2015,August,4,8,31,Summer,21.1875,21,Littoral,NA,105.2887,1329.550599,15,514,NA,,,NA,NA,NA,NA,NA,NA,NA,NA,NA,NA,NA,NA
10.08.2015.1,FLD0351_10_08_2015_1,2015-8-10,2015,August,10,8,32,Summer,18.7625,3.9,Littoral,NA,74.1733,800.3131152,45.3,532,NA,,,NA,NA,NA,NA,NA,NA,NA,NA,NA,NA,NA,NA
12.08.2015.1,FLD0353_12_08_2015_1,2015-8-12,2015,August,12,8,32,Summer,18.1875,43.1,Littoral,NA,89.9398,873.9822647,31.9,525,NA,,,NA,NA,NA,NA,NA,NA,NA,NA,NA,NA,NA,NA
13.08.2015.1,FLD0355_13_08_2015_1,2015-8-13,2015,August,13,8,33,Summer,18.2125,41.6,Littoral,NA,NA,NA,NA,NA,NA,,,NA,NA,NA,NA,NA,NA,NA,NA,NA,NA,NA,NA
13.08.2015.2,FLD0356_13_08_2015_2,2015-8-13,2015,August,13,8,33,Summer,18.2125,41.6,Pelagic,NA,NA,NA,NA,NA,NA,,,NA,NA,NA,NA,NA,NA,NA,NA,NA,NA,NA,NA
03.09.2015.2,FLD0357_03_09_2015_2,2015-9-03,2015,September,3,9,36,Summer,19.1875,0,Pelagic,NA,NA,NA,NA,NA,NA,,,NA,NA,NA,NA,NA,NA,NA,NA,NA,NA,NA,NA
16.09.2015.1,FLD0358_16_09_2015_1,2015-9-16,2015,September,16,9,37,Fall,18.475,49,Littoral,NA,NA,NA,NA,NA,NA,,,NA,NA,NA,NA,NA,NA,NA,NA,NA,NA,NA,NA
16.09.2015.2,FLD0359_16_09_2015_2,2015-9-16,2015,September,16,9,37,Fall,18.475,49,Pelagic,NA,NA,NA,NA,NA,NA,,,NA,NA,NA,NA,NA,NA,NA,NA,NA,NA,NA,NA
21.10.2015.1,FLD0360_21_10_2015_1,2015-10-21,2015,October,21,10,42,Fall,4.8375,17.7,Littoral,NA,NA,NA,NA,NA,NA,,,NA,NA,NA,NA,NA,NA,NA,NA,NA,NA,NA,NA
21.10.2015.2,FLD0361_21_10_2015_2,2015-10-21,2015,October,21,10,42,Fall,4.8375,17.7,Littoral,NA,NA,NA,NA,NA,NA,,,NA,NA,NA,NA,NA,NA,NA,NA,NA,NA,NA,NA
19.07.2016,FLD0362_19_07_2016,2016-7-19,2016,July,19,7,29,Summer,21.75,48.5,Littoral,NA,NA,NA,NA,NA,NA,,,NA,NA,NA,NA,NA,NA,NA,NA,NA,NA,NA,NA
20.07.2016,FLD0363_20_07_2016,2016-7-20,2016,July,20,7,29,Summer,21.225,48.5,Littoral,NA,NA,NA,NA,NA,NA,,,NA,NA,NA,NA,NA,NA,NA,NA,NA,NA,NA,NA
25.07.2016,FLD0364_25_07_2016,2016-7-25,2016,July,25,7,30,Summer,19.875,89.1,Littoral,NA,NA,NA,NA,NA,NA,,,NA,NA,NA,NA,NA,NA,NA,NA,NA,NA,NA,NA
27.07.2016,FLD0365_27_07_2016,2016-7-27,2016,July,27,7,30,Summer,20.625,47.1,Littoral,NA,66.9,468,44.7,349,NA,,,NA,NA,NA,NA,NA,NA,NA,NA,NA,NA,NA,NA
01.08.2016,FLD0366_01_08_2016,2016-8-01,2016,August,1,8,31,Summer,20.675,1.1,Littoral,NA,NA,NA,NA,NA,NA,,,NA,NA,NA,NA,NA,NA,NA,NA,NA,NA,NA,NA
09.08.2016,FLD0367_09_08_2016,2016-8-09,2016,August,9,8,32,Summer,21.6875,0,Littoral,NA,NA,NA,NA,NA,NA,,,NA,NA,NA,NA,NA,NA,NA,NA,NA,NA,NA,NA
18.08.2016,FLD0368_18_08_2016,2016-8-18,2016,August,18,8,33,Summer,21.45,66.5,Littoral,NA,166.3,1858,39.3,593,NA,,,NA,NA,NA,NA,NA,NA,NA,NA,NA,NA,NA,NA
23.08.2016,FLD0369_23_08_2016,2016-8-23,2016,August,23,8,34,Summer,19.725,60.5,Littoral,NA,125.2,1354,52.1,622,NA,,,NA,NA,NA,NA,NA,NA,NA,NA,NA,NA,NA,NA
03.09.2016,FLD0370_03_09_2016,2016-9-03,2016,September,3,9,36,Summer,18.15,39.4,Littoral,NA,NA,NA,NA,NA,NA,,,NA,NA,NA,NA,NA,NA,NA,NA,NA,NA,NA,NA
15.09.2016,FLD0371_15_09_2016,2016-9-15,2016,September,15,9,37,Fall,17.6875,36.4,Littoral,NA,1623,14231,848.5,8739,NA,,,NA,NA,NA,NA,NA,NA,NA,NA,NA,NA,NA,NA
22.09.2016,FLD0372_22_09_2016,2016-9-22,2016,September,22,9,38,Fall,17.5875,46.6,Littoral,NA,146.7,1852,39.9,1001,NA,,,NA,NA,NA,NA,NA,NA,NA,NA,NA,NA,NA,NA
25.10.2016,FLD0373_25_10_2016,2016-10-25,2016,October,25,10,43,Fall,8.175,110.8,Littoral,NA,NA,NA,NA,NA,NA,,,NA,NA,NA,NA,NA,NA,NA,NA,NA,NA,NA,NA